Workbook

Sheet Read Me
A1: Women's Flat Track Derby Association
A2: IGRF & Standardized Stats Calculator
A3: April 2024 Release
A4: For use with January 1, 2023 The Rules of Flat Track Roller Derby
A6: Published by the Women's Flat Track Derby Association (WFTDA) 5900 Balcones Drive STE 4125, Austin, TX 78731, USA
A8: Modifications beyond those necessary for formatted printing are only allowed with the consent of the Women's Flat Track Derby Association. The Interleague Game Reporting Form and Standardized Stats Calculator ("StatsBook") and its contents may not be reproduced, distributed, or translated in whole or in part in any manner without the permission of the WFTDA.
A10: For Sanctioned games only:
A11: The host team follows the timeline and process for submitting required sanctioning data described in the WFTDA Sanctioning policy. The current WFTDA Sanctioning policy may be found at:
A12: https://resources.wftda.org/competition/wftda-competition-and-rankings/
A14: Instructions
A16: Detailed instructions for using the StatsBook are available in the StatsBook Manual, available at
A17: https://resources.wftda.org/competition/statsbook/
... A20: Please name your StatsBook file: STATS-YYYY-MM-DD_HostLeague_TeamName_vs_VisitorLeague_TeamName.
B21: Example: "STATS-2018-02-16_ToasterCityRollerDerby_Allstars_vs_WaterCity_AllStars.xlsx"
A22: Please name your scanned IGRF: IGRF-YYYY-MM-DD_HostLeague_TeamName_vs_VisitorLeague_TeamName.
B23: Example: "IGRF-2018-02-16_ToasterCityRollerDerby_Allstars_vs_WaterCity_AllStars.pdf"
A25: StatsBook/IGRF Instructions
B26: Submitting IGRFs
B27: Within 48 hours of game or tournament completion, the responsible party/host league representative should submit the following (scans or clear photos) to igrf@wftda.com
B28: 1. Both pages of the IGRF form, signed by both captains and head officials
B29: 2. Any Official Reviews should be tracked on the Official Review Form. If there are none, indicate this on the IGRF and you do not need to send in blank forms. If there are any, please indicate this on the IGRF and scan and submit the Official Review forms with the IGRF.
B30: 3. Expulsion-Suspension Forms: If there are no expulsions, indicate this on the IGRF and you do not need to send in blank forms. If there was an expulsion or expulsions, all parties should sign the form and provide email addresses in case WFTDA needs to follow up on the incident. Comments are not required and signatures do not indicate agreement with what other parties have written. See the WFTDA Expulsion and Suspension Policy for more information: https://resources.wftda.org/competition/wftda-competition-and-rankings/
B32: Submitting Statsbooks
B33: Please upload your completed StatsBooks to https://forms.gle/CMTPQYs6XhFHPkBE6 within two(2) weeks of the game or event. See Statsbook Manual for further instructions
A35: PLEASE NOTE: The host league is responsible for turning in the completed StatsBook and signed IGRF to WFTDA Sanctioning; however, Sanctioning will accept documents from either team. Captains from both teams should also receive a copy of the completed StatsBook and signed IGRF.
A36: Please do not abbreviate your league or team when naming documents for sanctioning.
A37: The StatsBook is provided by the WFTDA and contributors "as is" and any express or implied warranties, including, but not limited to, the implied warranties or merchantability and fitness for a particular purpose are disclaimed. In no event shall the WFTDA be liable for any direct, indirect, incidental, special, exemplary, or consequential damages (including, but not limited to, procurement of substitute goods or services; loss of use, data, or profits; or business interruption) however caused and on any theory of liability, whether in contract, strict liability, or tort (including negligence or otherwise) arising in any way out of the use of the StatsBook, even if advised of the possibility of such damage.

Sheet IGRF
A1: WFTDA Interleague Game Reporting Form (IGRF)
A2: Section 1. VENUE & ROSTERS (Complete BEFORE the game)
A3: Location: | B3: Boulder County Fairgrounds Exhibit Bldg. | I3: Longmont | K3: CO | L3: 1
B4: VENUE NAME | I4: CITY | K4: ST/PRV | L4: GAME #
A5: Tournament/ Multi-Day Event: | I5: Boulder County Roller Derby
B6: TOURNAMENT/MULTI-DAY EVENT NAME | I6: HOST LEAGUE NAME
A7: Date: | B7: 46123 | G7: Start Time: | I7: 0.59027778 | K7: Suspension: | L7: NO
A8: TEAM ROSTERS - List in order of Skater number
A9: H O M E T E A M | G9: V I S I T I N G T E A M
A10: LEAGUE | B10: BOULDER COUNTY ROLLER DERBY | G10: LEAGUE | I10: ROCKY MOUNTAIN ROLLER DERBY
A11: TEAM | B11: FLATIRON PHOENIXES | G11: TEAM | I11: 5280 FIGHT CLUB
A12: COLOR | B12: WHITE | G12: COLOR | I12: BLACK
A13: # of players | B13: Skater # | C13: Skater Name | G13: # of players | I13: Skater # | J13: Skater Name
A14: 1 | B14: 113 | C14: Short Stack | G14: 1 | I14: 008 | J14: HAM Wheezy | M14: HOH
A15: 2 | B15: 114 | C15: Cat Claus | F15: C | G15: 2 | I15: 1 | J15: Pink FlameNgo
A16: 3 | B16: 1190 | C16: Rickashanaynay | G16: 3 | I16: 11 | J16: Oy Vey Maria
A17: 4 | B17: 213 | C17: Primeval | G17: 4 | I17: 3 | J17: Zoom Bayou
A18: 5 | B18: 22 | C18: Penelope Bruise | G18: 5 | I18: 303 | J18: Reck 'em Ralph
A19: 6 | B19: 33 | C19: Ivy Profen | G19: 6 | I19: 4 | J19: Sweet Cyanide
A20: 7 | B20: 333 | C20: Honey Badger | F20: HOH | G20: 7 | I20: 406 | J20: Ruth Slayed-Her Ginsburg
A21: 8 | B21: 393 | C21: Miss EDventure | F21: ALT | G21: 8 | I21: 555 | J21: Mortal Wombat | M21: C
A22: 9 | B22: 504 | C22: Fleur de Beast | G22: 9 | I22: 71 | J22: TchaiKILLsky | M22: HOH
A23: 10 | B23: 69 | C23: Jungla | G23: 10 | I23: 716 | J23: Slim S’Kaity
A24: 11 | B24: 7 | C24: Freddie Mercury Poisoning | G24: 11 | I24: 76 | J24: Fiona Grapple | M24: HOH
A25: 12 | B25: 720 | C25: Bob Gnarly | G25: 12 | I25: 91 | J25: Poh Teigh Toh
A26: 13 | B26: 737 | C26: Lady J | F26: HOH | G26: 13 | I26: 96 | J26: Audubondage
A27: 14 | B27: 802 | C27: Rutabaga Ginsberg (Baga) | G27: 14 | I27: 9707 | J27: BATass
A28: 15 | B28: 86 | C28: Glidezilla | G28: 15 | I28: 99 | J28: May Q. Pay
A29: 16 | B29: 98 | C29: Badelynn | G29: 16
A30: 17 | G30: 17
A31: 18 | G31: 18
A32: 19 | G32: 19
A33: 20 | G33: 20
A34: Section 2. SCORE & PENALTIES (Complete DURING or IMMEDIATELY AFTER game)
A35: HOME TEAM | H35: VISITING TEAM
A36: Period 1 | B36: Points | C36: =IF(COUNT(Score!A4:A41)=0,"",Score!R42) -> 68 | D36: Penalties | F36: =IF(COUNT(Score!A4:A41)=0,"",Penalties!L44) -> 14 | H36: Period 1 | I36: Points | J36: =IF(COUNT(Score!T4:T41)=0,"",Score!AK42) -> 120 | K36: Penalties | L36: =IF(COUNT(Score!T4:T41)=0,"",Penalties!AA44) -> 9
A37: Period 2 | B37: Points | C37: =IF(COUNT(Score!A46:A83)=0,"",Score!R84-C36) -> 69 | D37: Penalties | F37: =IF(COUNT(Score!A46:A83)=0,"",Penalties!AN44) -> 15 | H37: Period 2 | I37: Points | J37: =IF(COUNT(Score!T46:T83)=0,"",Score!AK84-J36) -> 150 | K37: Penalties | L37: =IF(COUNT(Score!T46:T83)=0,"",Penalties!BC44) -> 14
A38: TOTAL POINTS: | C38: =IF(COUNT(Score!A4:A41)=0,"",SUM(C36:C37)) -> 137 | D38: PENALTIES: | F38: =IF(COUNT(Score!A4:A41)=0,"",SUM(F36:F37)) -> 29 | H38: TOTAL POINTS: | J38: =IF(COUNT(Score!T4:T41)=0,"",SUM(J36:J37)) -> 270 | K38: PENALTIES: | L38: =IF(COUNT(Score!T4:T41)=0,"",SUM(L36:L37)) -> 23
A39: The Official Score in this game required adjustment: | D39: NO | F39: Reason for OS adjustment:
A40: Expulsion/Suspension notes: | C40: Suspension was served by:
A41: Expulsion: | K41: Suspension: | L41: YES | NO
A43: Expulsion: | K43: Suspension: | L43: YES | NO
A45: Official Reviews | D45: YES | G45: Expulsion Paperwork | K45: NO
A46: If yes, submit scan of OR Paperwork with IGRF Scan | G46: If yes, submit scan of Expulsion Paperwork with IGRF
A47: Section 3. VERIFICATION (Complete IMMEDIATELY AFTER game)
A48: Home Team Captain | G48: Visiting Team Captain
A49: Skate Name: | B49: Cat Claus | G49: Skate Name: | I49: Mortal Wombat
A50: Legal Name: | B50: Cat Claus | G50: Legal Name: | I50: Holly Corbin
A51: Signature: | B51: ON FILE | G51: Signature: | I51: ON FILE
A52: Head Referee | G52: Head NSO
A53: Skate Name: | B53: Margie Ram | G53: Skate Name: | I53: =IF(ISBLANK(C60), "", C60) -> LLoud LLama
A54: Legal Name: | B54: Portia Wahl | G54: Legal Name: | I54: Mel LLanas
A55: Signature: | B55: ON FILE | G55: Signature: | I55: ON FILE
A56: For Sanctioned games only: The host team follows the timeline and process for submitting required sanctioning data described in the WFTDA Sanctioning policy The current WFTDA Sanctioning policy may be found at https://resources.wftda.org/competition/wftda-competition-and-rankings/
A57: IGRF Rev. 20250201 © 2025 Women's Flat Track Derby Association (WFTDA)
A58: Section 4. ROSTER OF NON-SKATING OFFICIALS/STAT TRACKERS/SKATING OFFICIALS
A59: Official Role | C59: Official Name | H59: League Affiliation | K59: Certification Level
A60: Head Non-Skating Official | C60: LLoud LLama | H60: Boulder County Roller Derby | K60: NSO 3
A61: Jam Timer | C61: Snarkimedes | H61: Independent | K61: NSO 2
A62: Penalty Lineup Tracker | C62: Ultraviolent Blu | H62: Independent | K62: NSO 2
A63: Penalty Lineup Tracker | C63: Mox Nix | H63: Boulder County Roller Derby
A64: ScoreBoard Operator | C64: Saradactyl | H64: Independent
A65: Scorekeeper | C65: Bill O' Fights | H65: Rocky Mountain Roller Derby
A66: Scorekeeper | C66: Malicious Compliance | H66: Boulder County Roller Derby
A67: Penalty Box Manager | C67: Active Sonar | H67: Independent
A68: Penalty Box Timer | C68: Sunny | H68: Elevated Roller Derby
A69: Penalty Box Timer | C69: Micro Machine | H69: Independent
A70: Non-Skating Official Alternate | C70: LLoud LLama | H70: Boulder County Roller Derby | K70: NSO 3
A80: Head Referee | C80: Margie Ram | H80: Denver Roller Derby | K80: SO 1
A81: Inside Pack Referee | C81: Sassy Bee Otch | H81: Denver Roller Derby | K81: SO 1
A82: Jammer Referee | C82: Fast Freddie | H82: FoCo Roller Derby
A83: Jammer Referee | C83: Arwen | H83: Independent
A84: Outside Pack Referee | C84: Smack Adams | H84: Boulder County Roller Derby
A85: Outside Pack Referee | C85: Ginger Spice | H85: Denver Roller Derby
A86: Outside Pack Referee | C86: Pow Pow | H86: Rocky Mountain Roller Derby
A87: Referee Alternate
A88: Positions may be left blank, and role names can be changed or added based on actual staffing. Head officials' names must stay in their current place.
A89: =A56 -> For Sanctioned games only: The host team follows the timeline and process for submitting required sanctioning data described in the WFTDA Sanctioning policy The current WFTDA Sanctioning policy may be found at https://resources.wftda.org/competition/wftda-competition-and-rankings/
A90: =A57 -> IGRF Rev. 20250201 © 2025 Women's Flat Track Derby Association (WFTDA)

Sheet Game Summary
A1: W F T D A R E Q U I R E D S T A N D A R D I Z E D S T A T S
A2: =IF(IGRF!B10="","PLEASE FILL IN THE IGRF TAB!",IGRF!$B$10&" / "&IGRF!$B$11&" vs. "&IGRF!$I$10&" / "&IGRF!$I$11&IF(IGRF!$L$3="",""," Game "&IGRF!$L$3)) -> BOULDER COUNTY ROLLER DERBY / FLATIRON PHOENIXES vs. ROCKY MOUNTAIN ROLLER DERBY / 5280 FIGHT CLUB Game 1
A3: =IF(IGRF!$B$7="","ENTER DATE ON IGRF TAB!",IGRF!$B$7) -> 46123
A4: ROSTERS | C4: JAMS PLAYED | J4: LEAD JAMMER | R4: POINTS FOR/AGAINST & PLUS/MINUS | AD4: V.T.A.R. | AL4: PENALTIES
A5: # | B5: =Score!$A$1 -> BOULDER COUNTY ROLLER DERBY / FLATIRON PHOENIXES | C5: JAMMER | D5: PIVOT | E5: BLOCKER | F5: TOTAL | G5: % JAMS SKATED | H5: POINTS | I5: PPJ | J5: LOST | K5: LEAD | L5: CALLED | M5: NO INITIAL TRIP | N5: STAR PASSES RECEIVED | O5: LEAD % | P5: LEAD +/- | Q5: AVERAGE LEAD +/- | R5: PTS FOR | S5: PTS AGAINST | T5: TOTAL +/- | U5: JAMMER +/- | V5: AVERAGE JAMMER +/- | W5: PIVOT +/- | X5: AVERAGE PIVOT +/- | Y5: BLOCK +/- | Z5: AVERAGE BLOCKER +/- | AA5: PACK +/- | AB5: AVERAGE PACK +/- | AC5: AVG +/- | AD5: VTAR PTS FOR | AE5: VTAR PTS AGAINST | AF5: VTAR TOTAL +/- | AG5: VTAR JAMMER AVG +/- | AH5: VTAR PIVOT AVG +/- | AI5: VTAR BLOCKER AVG +/- | AJ5: VTAR PACK AVG +/- | AK5: TOTAL VTAR AVG +/- | AL5: SKATERS PENALTY COUNT
A6: =IF(ISBLANK(IGRF!$B14),"",IGRF!$B14) -> 113 | B6: =IF(ISBLANK(IGRF!$C14),"",IGRF!$C14) -> Short Stack | C6: =IF(A6="","",SUM(LU!O9,LU!O108)) -> 3 | D6: =IF(A6="","",SUM(LU!D9,LU!D108)) -> 6 | E6: =IF(A6="","",SUM(LU!J9,LU!J108)) -> 10 | F6: =IF(A6="","",(SUM(C6:E6)-(SUMPRODUCT(--(Lineups!C$4:C$41=A6),--(Lineups!A$4:A$41="SP"))+SUMPRODUCT(--(Lineups!G$4:G$41=A6),--(Lineups!A$4:A$41="SP"))+SUMPRODUCT(--(Lineups!C$46:C$83=A6),--(Lineups!A$46:A$83="SP"))+SUMPRODUCT(--(Lineups!G$46:G$83=A6),--(Lineups!A$46:A$83="SP"))))) -> 17 | G6: =IF(OR(A6="",F6=0,LU!D$3+LU!D$102=0),"",F6/(LU!D$3+LU!D$102)) -> 0.38636364 | H6: =IF(OR(C6=0,A6=""),"",SK!D174) -> 0 | I6: =IF(OR(A6="",SK!E174="",SK!E174=0),"",H6/SK!E174) -> 0 | J6: =IF(OR(A6="",C6=0),"",SK!G174) -> 0 | K6: =IF(OR(A6="",C6=0),"",SK!H174) -> 0 | L6: =IF(OR(A6="",C6=0),"",SK!J174) -> 0 | M6: =IF(OR(A6="",C6=0),"",SK!L174) -> 1 | N6: =IF(OR(A6="",C6=0),"",SUMPRODUCT(--(Lineups!$A$4:$A$41="SP"),--(Lineups!$C$4:$C$41=A6))+SUMPRODUCT(--(Lineups!$A$46:$A$83="SP"),--(Lineups!$C$46:$C$83=A6))) -> 2 | O6: =IF(OR(A6="",C6="",(IF(C6="",0,C6)-IF(N6="",0,N6))=0),"",K6/(C6-N6)) -> 0 | P6: =IF(OR(A6="",C6=0),"",SK!I174) -> 0 | Q6: =IF(OR(A6="",C6=0,K6=0),"",P6/K6) | R6: =IF(OR(A6="",F6=0),"",SUM(LU!Q55,LU!Q154)) -> 57 | S6: =IF(OR(A6="",F6=0),"",SUM(LU!Q78,LU!Q177)) -> 121 | T6: =IF(OR(A6="",F6=0),"",SUM(LU!Q32,LU!Q131)) -> -64 | U6: =IF(OR(A6="",C6=0),"",SUM(LU!O32,LU!O131)) -> -7 | V6: =IF(OR(A6="",C6=0),"",U6/C6) -> -2.3333333 | W6: =IF(OR(A6="",D6=0),"",SUM(LU!D32,LU!D131)) -> -16 | X6: =IF(OR(A6="",D6=0),"",W6/D6) -> -2.6666667 | Y6: =IF(OR(A6="",E6=0),"",SUM(LU!J32,LU!J131)) -> -41 | Z6: =IF(OR(A6="",E6=0),"",Y6/E6) -> -4.1 | AA6: =IF(OR(A6="",AND(D6=0, E6=0)),"",SUM(LU!L32,LU!L131)) -> -57 | AB6: =IF(OR(A6="",AND(D6=0, E6=0)),"",AA6/(D6+E6)) -> -3.5625 | AC6: =IF(OR(A6="",F6=0),"",T6/F6) -> -3.7647059 | AD6: =IF(OR(A6="",F6=0,R$26="-",LU!$D$5=0),"",R6-R$26) -> 11.333333 | AE6: =IF(OR(A6="",F6=0,S$26="-",LU!$D$5=0),"",S6-S$26) -> 31 | AF6: =IF(OR(A6="",F6=0,AD6=""),"",AD6-AE6) -> -19.666667 | AG6: =IF(OR($A6="",C6=0),"",V6-V$26) -> 0.63825064 | AH6: =IF(OR($A6="",D6=0),"",X6-X$26) -> -2.1492063 | AI6: =IF(OR($A6="",E6=0),"",Z6-Z$26) -> -1.6761294 | AJ6: =IF(OR($A6="",AND(D6=0, E6=0)),"",AB6-AB$26) -> -0.98916946 | AK6: =IF(OR($A6="",AC6="",AC$26="-",LU!$D$5=0),"",AC6-AC$26) -> -0.84759983 | AL6: =IF(OR(A6="",F6=0),"",SUM(PT!U3,PT!U4)) -> 1
A7: =IF(ISBLANK(IGRF!$B15),"",IGRF!$B15) -> 114 | B7: =IF(ISBLANK(IGRF!$C15),"",IGRF!$C15) -> Cat Claus | C7: =IF(A7="","",SUM(LU!O10,LU!O109)) -> 0 | D7: =IF(A7="","",SUM(LU!D10,LU!D109)) -> 1 | E7: =IF(A7="","",SUM(LU!J10,LU!J109)) -> 18 | F7: =IF(A7="","",(SUM(C7:E7)-(SUMPRODUCT(--(Lineups!C$4:C$41=A7),--(Lineups!A$4:A$41="SP"))+SUMPRODUCT(--(Lineups!G$4:G$41=A7),--(Lineups!A$4:A$41="SP"))+SUMPRODUCT(--(Lineups!C$46:C$83=A7),--(Lineups!A$46:A$83="SP"))+SUMPRODUCT(--(Lineups!G$46:G$83=A7),--(Lineups!A$46:A$83="SP"))))) -> 19 | G7: =IF(OR(A7="",F7=0,LU!D$3+LU!D$102=0),"",F7/(LU!D$3+LU!D$102)) -> 0.43181818 | H7: =IF(OR(C7=0,A7=""),"",SK!D177) | I7: =IF(OR(A7="",SK!E177="",SK!E177=0),"",H7/SK!E177) | J7: =IF(OR(A7="",C7=0),"",SK!G177) | K7: =IF(OR(A7="",C7=0),"",SK!H177) | L7: =IF(OR(A7="",C7=0),"",SK!J177) | M7: =IF(OR(A7="",C7=0),"",SK!L177) | N7: =IF(OR(A7="",C7=0),"",SUMPRODUCT(--(Lineups!$A$4:$A$41="SP"),--(Lineups!$C$4:$C$41=A7))+SUMPRODUCT(--(Lineups!$A$46:$A$83="SP"),--(Lineups!$C$46:$C$83=A7))) | O7: =IF(OR(A7="",C7="",(IF(C7="",0,C7)-IF(N7="",0,N7))=0),"",K7/(C7-N7)) | P7: =IF(OR(A7="",C7=0),"",SK!I177) | Q7: =IF(OR(A7="",C7=0,K7=0),"",P7/K7) | R7: =IF(OR(A7="",F7=0),"",SUM(LU!Q56,LU!Q155)) -> 38 | S7: =IF(OR(A7="",F7=0),"",SUM(LU!Q79,LU!Q178)) -> 148 | T7: =IF(OR(A7="",F7=0),"",SUM(LU!Q33,LU!Q132)) -> -110 | U7: =IF(OR(A7="",C7=0),"",SUM(LU!O33,LU!O132)) | V7: =IF(OR(A7="",C7=0),"",U7/C7) | W7: =IF(OR(A7="",D7=0),"",SUM(LU!D33,LU!D132)) -> 6 | X7: =IF(OR(A7="",D7=0),"",W7/D7) -> 6 | Y7: =IF(OR(A7="",E7=0),"",SUM(LU!J33,LU!J132)) -> -116 | Z7: =IF(OR(A7="",E7=0),"",Y7/E7) -> -6.4444444 | AA7: =IF(OR(A7="",AND(D7=0, E7=0)),"",SUM(LU!L33,LU!L132)) -> -110 | AB7: =IF(OR(A7="",AND(D7=0, E7=0)),"",AA7/(D7+E7)) -> -5.7894737 | AC7: =IF(OR(A7="",F7="",F7=0),"",T7/F7) -> -5.7894737 | AD7: =IF(OR(A7="",F7=0,R$26="-",LU!$D$5=0),"",R7-R$26) -> -7.6666667 | AE7: =IF(OR(A7="",F7=0,S$26="-",LU!$D$5=0),"",S7-S$26) -> 58 | AF7: =IF(OR(A7="",F7=0,AD7=""),"",AD7-AE7) -> -65.666667 | AG7: =IF(OR($A7="",C7=0),"",V7-V$26) | AH7: =IF(OR($A7="",D7=0),"",X7-X$26) -> 6.5174603 | AI7: =IF(OR($A7="",E7=0),"",Z7-Z$26) -> -4.0205738 | AJ7: =IF(OR($A7="",AND(D7=0, E7=0)),"",AB7-AB$26) -> -3.2161431 | AK7: =IF(OR($A7="",AC7="",AC$26="-",LU!$D$5=0),"",AC7-AC$26) -> -2.8723676 | AL7: =IF(OR(A7="",F7=0),"",SUM(PT!U5,PT!U6)) -> 3
A8: =IF(ISBLANK(IGRF!$B16),"",IGRF!$B16) -> 1190 | B8: =IF(ISBLANK(IGRF!$C16),"",IGRF!$C16) -> Rickashanaynay | C8: =IF(A8="","",SUM(LU!O11,LU!O110)) -> 9 | D8: =IF(A8="","",SUM(LU!D11,LU!D110)) -> 0 | E8: =IF(A8="","",SUM(LU!J11,LU!J110)) -> 1 | F8: =IF(A8="","",(SUM(C8:E8)-(SUMPRODUCT(--(Lineups!C$4:C$41=A8),--(Lineups!A$4:A$41="SP"))+SUMPRODUCT(--(Lineups!G$4:G$41=A8),--(Lineups!A$4:A$41="SP"))+SUMPRODUCT(--(Lineups!C$46:C$83=A8),--(Lineups!A$46:A$83="SP"))+SUMPRODUCT(--(Lineups!G$46:G$83=A8),--(Lineups!A$46:A$83="SP"))))) -> 9 | G8: =IF(OR(A8="",F8=0,LU!D$3+LU!D$102=0),"",F8/(LU!D$3+LU!D$102)) -> 0.20454545 | H8: =IF(OR(C8=0,A8=""),"",SK!D180) -> 13 | I8: =IF(OR(A8="",SK!E180="",SK!E180=0),"",H8/SK!E180) -> 1.4444444 | J8: =IF(OR(A8="",C8=0),"",SK!G180) -> 0 | K8: =IF(OR(A8="",C8=0),"",SK!H180) -> 3 | L8: =IF(OR(A8="",C8=0),"",SK!J180) -> 3 | M8: =IF(OR(A8="",C8=0),"",SK!L180) -> 2 | N8: =IF(OR(A8="",C8=0),"",SUMPRODUCT(--(Lineups!$A$4:$A$41="SP"),--(Lineups!$C$4:$C$41=A8))+SUMPRODUCT(--(Lineups!$A$46:$A$83="SP"),--(Lineups!$C$46:$C$83=A8))) -> 0 | O8: =IF(OR(A8="",C8="",(IF(C8="",0,C8)-IF(N8="",0,N8))=0),"",K8/(C8-N8)) -> 0.33333333 | P8: =IF(OR(A8="",C8=0),"",SK!I180) -> 6 | Q8: =IF(OR(A8="",C8=0,K8=0),"",P8/K8) -> 2 | R8: =IF(OR(A8="",F8=0),"",SUM(LU!Q57,LU!Q156)) -> 13 | S8: =IF(OR(A8="",F8=0),"",SUM(LU!Q80,LU!Q179)) -> 32 | T8: =IF(OR(A8="",F8=0),"",SUM(LU!Q34,LU!Q133)) -> -19 | U8: =IF(OR(A8="",C8=0),"",SUM(LU!O34,LU!O133)) -> -19 | V8: =IF(OR(A8="",C8=0),"",U8/C8) -> -2.1111111 | W8: =IF(OR(A8="",D8=0),"",SUM(LU!D34,LU!D133)) | X8: =IF(OR(A8="",D8=0),"",W8/D8) | Y8: =IF(OR(A8="",E8=0),"",SUM(LU!J34,LU!J133)) -> 0 | Z8: =IF(OR(A8="",E8=0),"",Y8/E8) -> 0 | AA8: =IF(OR(A8="",AND(D8=0, E8=0)),"",SUM(LU!L34,LU!L133)) -> 0 | AB8: =IF(OR(A8="",AND(D8=0, E8=0)),"",AA8/(D8+E8)) -> 0 | AC8: =IF(OR(A8="",F8="",F8=0),"",T8/F8) -> -2.1111111 | AD8: =IF(OR(A8="",F8=0,R$26="-",LU!$D$5=0),"",R8-R$26) -> -32.666667 | AE8: =IF(OR(A8="",F8=0,S$26="-",LU!$D$5=0),"",S8-S$26) -> -58 | AF8: =IF(OR(A8="",F8=0,AD8=""),"",AD8-AE8) -> 25.333333 | AG8: =IF(OR($A8="",C8=0),"",V8-V$26) -> 0.86047286 | AH8: =IF(OR($A8="",D8=0),"",X8-X$26) | AI8: =IF(OR($A8="",E8=0),"",Z8-Z$26) -> 2.4238706 | AJ8: =IF(OR($A8="",AND(D8=0, E8=0)),"",AB8-AB$26) -> 2.5733305 | AK8: =IF(OR($A8="",AC8="",AC$26="-",LU!$D$5=0),"",AC8-AC$26) -> 0.80599494 | AL8: =IF(OR(A8="",F8=0),"",SUM(PT!U7,PT!U8)) -> 0
A9: =IF(ISBLANK(IGRF!$B17),"",IGRF!$B17) -> 213 | B9: =IF(ISBLANK(IGRF!$C17),"",IGRF!$C17) -> Primeval | C9: =IF(A9="","",SUM(LU!O12,LU!O111)) -> 0 | D9: =IF(A9="","",SUM(LU!D12,LU!D111)) -> 1 | E9: =IF(A9="","",SUM(LU!J12,LU!J111)) -> 19 | F9: =IF(A9="","",(SUM(C9:E9)-(SUMPRODUCT(--(Lineups!C$4:C$41=A9),--(Lineups!A$4:A$41="SP"))+SUMPRODUCT(--(Lineups!G$4:G$41=A9),--(Lineups!A$4:A$41="SP"))+SUMPRODUCT(--(Lineups!C$46:C$83=A9),--(Lineups!A$46:A$83="SP"))+SUMPRODUCT(--(Lineups!G$46:G$83=A9),--(Lineups!A$46:A$83="SP"))))) -> 20 | G9: =IF(OR(A9="",F9=0,LU!D$3+LU!D$102=0),"",F9/(LU!D$3+LU!D$102)) -> 0.45454545 | H9: =IF(OR(C9=0,A9=""),"",SK!D183) | I9: =IF(OR(A9="",SK!E183="",SK!E183=0),"",H9/SK!E183) | J9: =IF(OR(A9="",C9=0),"",SK!G183) | K9: =IF(OR(A9="",C9=0),"",SK!H183) | L9: =IF(OR(A9="",C9=0),"",SK!J183) | M9: =IF(OR(A9="",C9=0),"",SK!L183) | N9: =IF(OR(A9="",C9=0),"",SUMPRODUCT(--(Lineups!$A$4:$A$41="SP"),--(Lineups!$C$4:$C$41=A9))+SUMPRODUCT(--(Lineups!$A$46:$A$83="SP"),--(Lineups!$C$46:$C$83=A9))) | O9: =IF(OR(A9="",C9="",(IF(C9="",0,C9)-IF(N9="",0,N9))=0),"",K9/(C9-N9)) | P9: =IF(OR(A9="",C9=0),"",SK!I183) | Q9: =IF(OR(A9="",C9=0,K9=0),"",P9/K9) | R9: =IF(OR(A9="",F9=0),"",SUM(LU!Q58,LU!Q157)) -> 61 | S9: =IF(OR(A9="",F9=0),"",SUM(LU!Q81,LU!Q180)) -> 107 | T9: =IF(OR(A9="",F9=0),"",SUM(LU!Q35,LU!Q134)) -> -46 | U9: =IF(OR(A9="",C9=0),"",SUM(LU!O35,LU!O134)) | V9: =IF(OR(A9="",C9=0),"",U9/C9) | W9: =IF(OR(A9="",D9=0),"",SUM(LU!D35,LU!D134)) -> 4 | X9: =IF(OR(A9="",D9=0),"",W9/D9) -> 4 | Y9: =IF(OR(A9="",E9=0),"",SUM(LU!J35,LU!J134)) -> -50 | Z9: =IF(OR(A9="",E9=0),"",Y9/E9) -> -2.6315789 | AA9: =IF(OR(A9="",AND(D9=0, E9=0)),"",SUM(LU!L35,LU!L134)) -> -46 | AB9: =IF(OR(A9="",AND(D9=0, E9=0)),"",AA9/(D9+E9)) -> -2.3 | AC9: =IF(OR(A9="",F9="",F9=0),"",T9/F9) -> -2.3 | AD9: =IF(OR(A9="",F9=0,R$26="-",LU!$D$5=0),"",R9-R$26) -> 15.333333 | AE9: =IF(OR(A9="",F9=0,S$26="-",LU!$D$5=0),"",S9-S$26) -> 17 | AF9: =IF(OR(A9="",F9=0,AD9=""),"",AD9-AE9) -> -1.6666667 | AG9: =IF(OR($A9="",C9=0),"",V9-V$26) | AH9: =IF(OR($A9="",D9=0),"",X9-X$26) -> 4.5174603 | AI9: =IF(OR($A9="",E9=0),"",Z9-Z$26) -> -0.20770831 | AJ9: =IF(OR($A9="",AND(D9=0, E9=0)),"",AB9-AB$26) -> 0.27333054 | AK9: =IF(OR($A9="",AC9="",AC$26="-",LU!$D$5=0),"",AC9-AC$26) -> 0.61710605 | AL9: =IF(OR(A9="",F9=0),"",SUM(PT!U9,PT!U10)) -> 2
A10: =IF(ISBLANK(IGRF!$B18),"",IGRF!$B18) -> 22 | B10: =IF(ISBLANK(IGRF!$C18),"",IGRF!$C18) -> Penelope Bruise | C10: =IF(A10="","",SUM(LU!O13,LU!O112)) -> 0 | D10: =IF(A10="","",SUM(LU!D13,LU!D112)) -> 15 | E10: =IF(A10="","",SUM(LU!J13,LU!J112)) -> 2 | F10: =IF(A10="","",(SUM(C10:E10)-(SUMPRODUCT(--(Lineups!C$4:C$41=A10),--(Lineups!A$4:A$41="SP"))+SUMPRODUCT(--(Lineups!G$4:G$41=A10),--(Lineups!A$4:A$41="SP"))+SUMPRODUCT(--(Lineups!C$46:C$83=A10),--(Lineups!A$46:A$83="SP"))+SUMPRODUCT(--(Lineups!G$46:G$83=A10),--(Lineups!A$46:A$83="SP"))))) -> 17 | G10: =IF(OR(A10="",F10=0,LU!D$3+LU!D$102=0),"",F10/(LU!D$3+LU!D$102)) -> 0.38636364 | H10: =IF(OR(C10=0,A10=""),"",SK!D186) | I10: =IF(OR(A10="",SK!E186="",SK!E186=0),"",H10/SK!E186) | J10: =IF(OR(A10="",C10=0),"",SK!G186) | K10: =IF(OR(A10="",C10=0),"",SK!H186) | L10: =IF(OR(A10="",C10=0),"",SK!J186) | M10: =IF(OR(A10="",C10=0),"",SK!L186) | N10: =IF(OR(A10="",C10=0),"",SUMPRODUCT(--(Lineups!$A$4:$A$41="SP"),--(Lineups!$C$4:$C$41=A10))+SUMPRODUCT(--(Lineups!$A$46:$A$83="SP"),--(Lineups!$C$46:$C$83=A10))) | O10: =IF(OR(A10="",C10="",(IF(C10="",0,C10)-IF(N10="",0,N10))=0),"",K10/(C10-N10)) | P10: =IF(OR(A10="",C10=0),"",SK!I186) | Q10: =IF(OR(A10="",C10=0,K10=0),"",P10/K10) | R10: =IF(OR(A10="",F10=0),"",SUM(LU!Q59,LU!Q158)) -> 53 | S10: =IF(OR(A10="",F10=0),"",SUM(LU!Q82,LU!Q181)) -> 76 | T10: =IF(OR(A10="",F10=0),"",SUM(LU!Q36,LU!Q135)) -> -23 | U10: =IF(OR(A10="",C10=0),"",SUM(LU!O36,LU!O135)) | V10: =IF(OR(A10="",C10=0),"",U10/C10) | W10: =IF(OR(A10="",D10=0),"",SUM(LU!D36,LU!D135)) -> -11 | X10: =IF(OR(A10="",D10=0),"",W10/D10) -> -0.73333333 | Y10: =IF(OR(A10="",E10=0),"",SUM(LU!J36,LU!J135)) -> -12 | Z10: =IF(OR(A10="",E10=0),"",Y10/E10) -> -6 | AA10: =IF(OR(A10="",AND(D10=0, E10=0)),"",SUM(LU!L36,LU!L135)) -> -23 | AB10: =IF(OR(A10="",AND(D10=0, E10=0)),"",AA10/(D10+E10)) -> -1.3529412 | AC10: =IF(OR(A10="",F10="",F10=0),"",T10/F10) -> -1.3529412 | AD10: =IF(OR(A10="",F10=0,R$26="-",LU!$D$5=0),"",R10-R$26) -> 7.3333333 | AE10: =IF(OR(A10="",F10=0,S$26="-",LU!$D$5=0),"",S10-S$26) -> -14 | AF10: =IF(OR(A10="",F10=0,AD10=""),"",AD10-AE10) -> 21.333333 | AG10: =IF(OR($A10="",C10=0),"",V10-V$26) | AH10: =IF(OR($A10="",D10=0),"",X10-X$26) -> -0.21587302 | AI10: =IF(OR($A10="",E10=0),"",Z10-Z$26) -> -3.5761294 | AJ10: =IF(OR($A10="",AND(D10=0, E10=0)),"",AB10-AB$26) -> 1.2203894 | AK10: =IF(OR($A10="",AC10="",AC$26="-",LU!$D$5=0),"",AC10-AC$26) -> 1.5641649 | AL10: =IF(OR(A10="",F10=0),"",SUM(PT!U11,PT!U12)) -> 0
A11: =IF(ISBLANK(IGRF!$B19),"",IGRF!$B19) -> 33 | B11: =IF(ISBLANK(IGRF!$C19),"",IGRF!$C19) -> Ivy Profen | C11: =IF(A11="","",SUM(LU!O14,LU!O113)) -> 1 | D11: =IF(A11="","",SUM(LU!D14,LU!D113)) -> 18 | E11: =IF(A11="","",SUM(LU!J14,LU!J113)) -> 3 | F11: =IF(A11="","",(SUM(C11:E11)-(SUMPRODUCT(--(Lineups!C$4:C$41=A11),--(Lineups!A$4:A$41="SP"))+SUMPRODUCT(--(Lineups!G$4:G$41=A11),--(Lineups!A$4:A$41="SP"))+SUMPRODUCT(--(Lineups!C$46:C$83=A11),--(Lineups!A$46:A$83="SP"))+SUMPRODUCT(--(Lineups!G$46:G$83=A11),--(Lineups!A$46:A$83="SP"))))) -> 21 | G11: =IF(OR(A11="",F11=0,LU!D$3+LU!D$102=0),"",F11/(LU!D$3+LU!D$102)) -> 0.47727273 | H11: =IF(OR(C11=0,A11=""),"",SK!D189) -> 0 | I11: =IF(OR(A11="",SK!E189="",SK!E189=0),"",H11/SK!E189) -> 0 | J11: =IF(OR(A11="",C11=0),"",SK!G189) -> 0 | K11: =IF(OR(A11="",C11=0),"",SK!H189) -> 0 | L11: =IF(OR(A11="",C11=0),"",SK!J189) -> 0 | M11: =IF(OR(A11="",C11=0),"",SK!L189) -> 0 | N11: =IF(OR(A11="",C11=0),"",SUMPRODUCT(--(Lineups!$A$4:$A$41="SP"),--(Lineups!$C$4:$C$41=A11))+SUMPRODUCT(--(Lineups!$A$46:$A$83="SP"),--(Lineups!$C$46:$C$83=A11))) -> 1 | O11: =IF(OR(A11="",C11="",(IF(C11="",0,C11)-IF(N11="",0,N11))=0),"",K11/(C11-N11)) | P11: =IF(OR(A11="",C11=0),"",SK!I189) -> 0 | Q11: =IF(OR(A11="",C11=0,K11=0),"",P11/K11) | R11: =IF(OR(A11="",F11=0),"",SUM(LU!Q60,LU!Q159)) -> 53 | S11: =IF(OR(A11="",F11=0),"",SUM(LU!Q83,LU!Q182)) -> 162 | T11: =IF(OR(A11="",F11=0),"",SUM(LU!Q37,LU!Q136)) -> -109 | U11: =IF(OR(A11="",C11=0),"",SUM(LU!O37,LU!O136)) -> 0 | V11: =IF(OR(A11="",C11=0),"",U11/C11) -> 0 | W11: =IF(OR(A11="",D11=0),"",SUM(LU!D37,LU!D136)) -> -112 | X11: =IF(OR(A11="",D11=0),"",W11/D11) -> -6.2222222 | Y11: =IF(OR(A11="",E11=0),"",SUM(LU!J37,LU!J136)) -> 3 | Z11: =IF(OR(A11="",E11=0),"",Y11/E11) -> 1 | AA11: =IF(OR(A11="",AND(D11=0, E11=0)),"",SUM(LU!L37,LU!L136)) -> -109 | AB11: =IF(OR(A11="",AND(D11=0, E11=0)),"",AA11/(D11+E11)) -> -5.1904762 | AC11: =IF(OR(A11="",F11="",F11=0),"",T11/F11) -> -5.1904762 | AD11: =IF(OR(A11="",F11=0,R$26="-",LU!$D$5=0),"",R11-R$26) -> 7.3333333 | AE11: =IF(OR(A11="",F11=0,S$26="-",LU!$D$5=0),"",S11-S$26) -> 72 | AF11: =IF(OR(A11="",F11=0,AD11=""),"",AD11-AE11) -> -64.666667 | AG11: =IF(OR($A11="",C11=0),"",V11-V$26) -> 2.971584 | AH11: =IF(OR($A11="",D11=0),"",X11-X$26) -> -5.7047619 | AI11: =IF(OR($A11="",E11=0),"",Z11-Z$26) -> 3.4238706 | AJ11: =IF(OR($A11="",AND(D11=0, E11=0)),"",AB11-AB$26) -> -2.6171456 | AK11: =IF(OR($A11="",AC11="",AC$26="-",LU!$D$5=0),"",AC11-AC$26) -> -2.2733701 | AL11: =IF(OR(A11="",F11=0),"",SUM(PT!U13,PT!U14)) -> 3
A12: =IF(ISBLANK(IGRF!$B20),"",IGRF!$B20) -> 333 | B12: =IF(ISBLANK(IGRF!$C20),"",IGRF!$C20) -> Honey Badger | C12: =IF(A12="","",SUM(LU!O15,LU!O114)) -> 13 | D12: =IF(A12="","",SUM(LU!D15,LU!D114)) -> 0 | E12: =IF(A12="","",SUM(LU!J15,LU!J114)) -> 0 | F12: =IF(A12="","",(SUM(C12:E12)-(SUMPRODUCT(--(Lineups!C$4:C$41=A12),--(Lineups!A$4:A$41="SP"))+SUMPRODUCT(--(Lineups!G$4:G$41=A12),--(Lineups!A$4:A$41="SP"))+SUMPRODUCT(--(Lineups!C$46:C$83=A12),--(Lineups!A$46:A$83="SP"))+SUMPRODUCT(--(Lineups!G$46:G$83=A12),--(Lineups!A$46:A$83="SP"))))) -> 13 | G12: =IF(OR(A12="",F12=0,LU!D$3+LU!D$102=0),"",F12/(LU!D$3+LU!D$102)) -> 0.29545455 | H12: =IF(OR(C12=0,A12=""),"",SK!D192) -> 35 | I12: =IF(OR(A12="",SK!E192="",SK!E192=0),"",H12/SK!E192) -> 2.6923077 | J12: =IF(OR(A12="",C12=0),"",SK!G192) -> 1 | K12: =IF(OR(A12="",C12=0),"",SK!H192) -> 4 | L12: =IF(OR(A12="",C12=0),"",SK!J192) -> 2 | M12: =IF(OR(A12="",C12=0),"",SK!L192) -> 2 | N12: =IF(OR(A12="",C12=0),"",SUMPRODUCT(--(Lineups!$A$4:$A$41="SP"),--(Lineups!$C$4:$C$41=A12))+SUMPRODUCT(--(Lineups!$A$46:$A$83="SP"),--(Lineups!$C$46:$C$83=A12))) -> 0 | O12: =IF(OR(A12="",C12="",(IF(C12="",0,C12)-IF(N12="",0,N12))=0),"",K12/(C12-N12)) -> 0.30769231 | P12: =IF(OR(A12="",C12=0),"",SK!I192) -> 1 | Q12: =IF(OR(A12="",C12=0,K12=0),"",P12/K12) -> 0.25 | R12: =IF(OR(A12="",F12=0),"",SUM(LU!Q61,LU!Q160)) -> 35 | S12: =IF(OR(A12="",F12=0),"",SUM(LU!Q84,LU!Q183)) -> 94 | T12: =IF(OR(A12="",F12=0),"",SUM(LU!Q38,LU!Q137)) -> -59 | U12: =IF(OR(A12="",C12=0),"",SUM(LU!O38,LU!O137)) -> -59 | V12: =IF(OR(A12="",C12=0),"",U12/C12) -> -4.5384615 | W12: =IF(OR(A12="",D12=0),"",SUM(LU!D38,LU!D137)) | X12: =IF(OR(A12="",D12=0),"",W12/D12) | Y12: =IF(OR(A12="",E12=0),"",SUM(LU!J38,LU!J137)) | Z12: =IF(OR(A12="",E12=0),"",Y12/E12) | AA12: =IF(OR(A12="",AND(D12=0, E12=0)),"",SUM(LU!L38,LU!L137)) | AB12: =IF(OR(A12="",AND(D12=0, E12=0)),"",AA12/(D12+E12)) | AC12: =IF(OR(A12="",F12="",F12=0),"",T12/F12) -> -4.5384615 | AD12: =IF(OR(A12="",F12=0,R$26="-",LU!$D$5=0),"",R12-R$26) -> -10.666667 | AE12: =IF(OR(A12="",F12=0,S$26="-",LU!$D$5=0),"",S12-S$26) -> 4 | AF12: =IF(OR(A12="",F12=0,AD12=""),"",AD12-AE12) -> -14.666667 | AG12: =IF(OR($A12="",C12=0),"",V12-V$26) -> -1.5668776 | AH12: =IF(OR($A12="",D12=0),"",X12-X$26) | AI12: =IF(OR($A12="",E12=0),"",Z12-Z$26) | AJ12: =IF(OR($A12="",AND(D12=0, E12=0)),"",AB12-AB$26) | AK12: =IF(OR($A12="",AC12="",AC$26="-",LU!$D$5=0),"",AC12-AC$26) -> -1.6213555 | AL12: =IF(OR(A12="",F12=0),"",SUM(PT!U15,PT!U16)) -> 6
A13: =IF(ISBLANK(IGRF!$B21),"",IGRF!$B21) -> 393 | B13: =IF(ISBLANK(IGRF!$C21),"",IGRF!$C21) -> Miss EDventure | C13: =IF(A13="","",SUM(LU!O16,LU!O115)) -> 0 | D13: =IF(A13="","",SUM(LU!D16,LU!D115)) -> 0 | E13: =IF(A13="","",SUM(LU!J16,LU!J115)) -> 0 | F13: =IF(A13="","",(SUM(C13:E13)-(SUMPRODUCT(--(Lineups!C$4:C$41=A13),--(Lineups!A$4:A$41="SP"))+SUMPRODUCT(--(Lineups!G$4:G$41=A13),--(Lineups!A$4:A$41="SP"))+SUMPRODUCT(--(Lineups!C$46:C$83=A13),--(Lineups!A$46:A$83="SP"))+SUMPRODUCT(--(Lineups!G$46:G$83=A13),--(Lineups!A$46:A$83="SP"))))) -> 0 | G13: =IF(OR(A13="",F13=0,LU!D$3+LU!D$102=0),"",F13/(LU!D$3+LU!D$102)) | H13: =IF(OR(C13=0,A13=""),"",SK!D195) | I13: =IF(OR(A13="",SK!E195="",SK!E195=0),"",H13/SK!E195) | J13: =IF(OR(A13="",C13=0),"",SK!G195) | K13: =IF(OR(A13="",C13=0),"",SK!H195) | L13: =IF(OR(A13="",C13=0),"",SK!J195) | M13: =IF(OR(A13="",C13=0),"",SK!L195) | N13: =IF(OR(A13="",C13=0),"",SUMPRODUCT(--(Lineups!$A$4:$A$41="SP"),--(Lineups!$C$4:$C$41=A13))+SUMPRODUCT(--(Lineups!$A$46:$A$83="SP"),--(Lineups!$C$46:$C$83=A13))) | O13: =IF(OR(A13="",C13="",(IF(C13="",0,C13)-IF(N13="",0,N13))=0),"",K13/(C13-N13)) | P13: =IF(OR(A13="",C13=0),"",SK!I195) | Q13: =IF(OR(A13="",C13=0,K13=0),"",P13/K13) | R13: =IF(OR(A13="",F13=0),"",SUM(LU!Q62,LU!Q161)) | S13: =IF(OR(A13="",F13=0),"",SUM(LU!Q85,LU!Q184)) | T13: =IF(OR(A13="",F13=0),"",SUM(LU!Q39,LU!Q138)) | U13: =IF(OR(A13="",C13=0),"",SUM(LU!O39,LU!O138)) | V13: =IF(OR(A13="",C13=0),"",U13/C13) | W13: =IF(OR(A13="",D13=0),"",SUM(LU!D39,LU!D138)) | X13: =IF(OR(A13="",D13=0),"",W13/D13) | Y13: =IF(OR(A13="",E13=0),"",SUM(LU!J39,LU!J138)) | Z13: =IF(OR(A13="",E13=0),"",Y13/E13) | AA13: =IF(OR(A13="",AND(D13=0, E13=0)),"",SUM(LU!L39,LU!L138)) | AB13: =IF(OR(A13="",AND(D13=0, E13=0)),"",AA13/(D13+E13)) | AC13: =IF(OR(A13="",F13="",F13=0),"",T13/F13) | AD13: =IF(OR(A13="",F13=0,R$26="-",LU!$D$5=0),"",R13-R$26) | AE13: =IF(OR(A13="",F13=0,S$26="-",LU!$D$5=0),"",S13-S$26) | AF13: =IF(OR(A13="",F13=0,AD13=""),"",AD13-AE13) | AG13: =IF(OR($A13="",C13=0),"",V13-V$26) | AH13: =IF(OR($A13="",D13=0),"",X13-X$26) | AI13: =IF(OR($A13="",E13=0),"",Z13-Z$26) | AJ13: =IF(OR($A13="",AND(D13=0, E13=0)),"",AB13-AB$26) | AK13: =IF(OR($A13="",AC13="",AC$26="-",LU!$D$5=0),"",AC13-AC$26) | AL13: =IF(OR(A13="",F13=0),"",SUM(PT!U17,PT!U18))
A14: =IF(ISBLANK(IGRF!$B22),"",IGRF!$B22) -> 504 | B14: =IF(ISBLANK(IGRF!$C22),"",IGRF!$C22) -> Fleur de Beast | C14: =IF(A14="","",SUM(LU!O17,LU!O116)) -> 0 | D14: =IF(A14="","",SUM(LU!D17,LU!D116)) -> 0 | E14: =IF(A14="","",SUM(LU!J17,LU!J116)) -> 13 | F14: =IF(A14="","",(SUM(C14:E14)-(SUMPRODUCT(--(Lineups!C$4:C$41=A14),--(Lineups!A$4:A$41="SP"))+SUMPRODUCT(--(Lineups!G$4:G$41=A14),--(Lineups!A$4:A$41="SP"))+SUMPRODUCT(--(Lineups!C$46:C$83=A14),--(Lineups!A$46:A$83="SP"))+SUMPRODUCT(--(Lineups!G$46:G$83=A14),--(Lineups!A$46:A$83="SP"))))) -> 13 | G14: =IF(OR(A14="",F14=0,LU!D$3+LU!D$102=0),"",F14/(LU!D$3+LU!D$102)) -> 0.29545455 | H14: =IF(OR(C14=0,A14=""),"",SK!D198) | I14: =IF(OR(A14="",SK!E198="",SK!E198=0),"",H14/SK!E198) | J14: =IF(OR(A14="",C14=0),"",SK!G198) | K14: =IF(OR(A14="",C14=0),"",SK!H198) | L14: =IF(OR(A14="",C14=0),"",SK!J198) | M14: =IF(OR(A14="",C14=0),"",SK!L198) | N14: =IF(OR(A14="",C14=0),"",SUMPRODUCT(--(Lineups!$A$4:$A$41="SP"),--(Lineups!$C$4:$C$41=A14))+SUMPRODUCT(--(Lineups!$A$46:$A$83="SP"),--(Lineups!$C$46:$C$83=A14))) | O14: =IF(OR(A14="",C14="",(IF(C14="",0,C14)-IF(N14="",0,N14))=0),"",K14/(C14-N14)) | P14: =IF(OR(A14="",C14=0),"",SK!I198) | Q14: =IF(OR(A14="",C14=0,K14=0),"",P14/K14) | R14: =IF(OR(A14="",F14=0),"",SUM(LU!Q63,LU!Q162)) -> 44 | S14: =IF(OR(A14="",F14=0),"",SUM(LU!Q86,LU!Q185)) -> 103 | T14: =IF(OR(A14="",F14=0),"",SUM(LU!Q40,LU!Q139)) -> -59 | U14: =IF(OR(A14="",C14=0),"",SUM(LU!O40,LU!O139)) | V14: =IF(OR(A14="",C14=0),"",U14/C14) | W14: =IF(OR(A14="",D14=0),"",SUM(LU!D40,LU!D139)) | X14: =IF(OR(A14="",D14=0),"",W14/D14) | Y14: =IF(OR(A14="",E14=0),"",SUM(LU!J40,LU!J139)) -> -59 | Z14: =IF(OR(A14="",E14=0),"",Y14/E14) -> -4.5384615 | AA14: =IF(OR(A14="",AND(D14=0, E14=0)),"",SUM(LU!L40,LU!L139)) -> -59 | AB14: =IF(OR(A14="",AND(D14=0, E14=0)),"",AA14/(D14+E14)) -> -4.5384615 | AC14: =IF(OR(A14="",F14="",F14=0),"",T14/F14) -> -4.5384615 | AD14: =IF(OR(A14="",F14=0,R$26="-",LU!$D$5=0),"",R14-R$26) -> -1.6666667 | AE14: =IF(OR(A14="",F14=0,S$26="-",LU!$D$5=0),"",S14-S$26) -> 13 | AF14: =IF(OR(A14="",F14=0,AD14=""),"",AD14-AE14) -> -14.666667 | AG14: =IF(OR($A14="",C14=0),"",V14-V$26) | AH14: =IF(OR($A14="",D14=0),"",X14-X$26) | AI14: =IF(OR($A14="",E14=0),"",Z14-Z$26) -> -2.1145909 | AJ14: =IF(OR($A14="",AND(D14=0, E14=0)),"",AB14-AB$26) -> -1.965131 | AK14: =IF(OR($A14="",AC14="",AC$26="-",LU!$D$5=0),"",AC14-AC$26) -> -1.6213555 | AL14: =IF(OR(A14="",F14=0),"",SUM(PT!U19,PT!U20)) -> 1
A15: =IF(ISBLANK(IGRF!$B23),"",IGRF!$B23) -> 69 | B15: =IF(ISBLANK(IGRF!$C23),"",IGRF!$C23) -> Jungla | C15: =IF(A15="","",SUM(LU!O18,LU!O117)) -> 0 | D15: =IF(A15="","",SUM(LU!D18,LU!D117)) -> 0 | E15: =IF(A15="","",SUM(LU!J18,LU!J117)) -> 16 | F15: =IF(A15="","",(SUM(C15:E15)-(SUMPRODUCT(--(Lineups!C$4:C$41=A15),--(Lineups!A$4:A$41="SP"))+SUMPRODUCT(--(Lineups!G$4:G$41=A15),--(Lineups!A$4:A$41="SP"))+SUMPRODUCT(--(Lineups!C$46:C$83=A15),--(Lineups!A$46:A$83="SP"))+SUMPRODUCT(--(Lineups!G$46:G$83=A15),--(Lineups!A$46:A$83="SP"))))) -> 16 | G15: =IF(OR(A15="",F15=0,LU!D$3+LU!D$102=0),"",F15/(LU!D$3+LU!D$102)) -> 0.36363636 | H15: =IF(OR(C15=0,A15=""),"",SK!D201) | I15: =IF(OR(A15="",SK!E201="",SK!E201=0),"",H15/SK!E201) | J15: =IF(OR(A15="",C15=0),"",SK!G201) | K15: =IF(OR(A15="",C15=0),"",SK!H201) | L15: =IF(OR(A15="",C15=0),"",SK!J201) | M15: =IF(OR(A15="",C15=0),"",SK!L201) | N15: =IF(OR(A15="",C15=0),"",SUMPRODUCT(--(Lineups!$A$4:$A$41="SP"),--(Lineups!$C$4:$C$41=A15))+SUMPRODUCT(--(Lineups!$A$46:$A$83="SP"),--(Lineups!$C$46:$C$83=A15))) | O15: =IF(OR(A15="",C15="",(IF(C15="",0,C15)-IF(N15="",0,N15))=0),"",K15/(C15-N15)) | P15: =IF(OR(A15="",C15=0),"",SK!I201) | Q15: =IF(OR(A15="",C15=0,K15=0),"",P15/K15) | R15: =IF(OR(A15="",F15=0),"",SUM(LU!Q64,LU!Q163)) -> 38 | S15: =IF(OR(A15="",F15=0),"",SUM(LU!Q87,LU!Q186)) -> 80 | T15: =IF(OR(A15="",F15=0),"",SUM(LU!Q41,LU!Q140)) -> -42 | U15: =IF(OR(A15="",C15=0),"",SUM(LU!O41,LU!O140)) | V15: =IF(OR(A15="",C15=0),"",U15/C15) | W15: =IF(OR(A15="",D15=0),"",SUM(LU!D41,LU!D140)) | X15: =IF(OR(A15="",D15=0),"",W15/D15) | Y15: =IF(OR(A15="",E15=0),"",SUM(LU!J41,LU!J140)) -> -42 | Z15: =IF(OR(A15="",E15=0),"",Y15/E15) -> -2.625 | AA15: =IF(OR(A15="",AND(D15=0, E15=0)),"",SUM(LU!L41,LU!L140)) -> -42 | AB15: =IF(OR(A15="",AND(D15=0, E15=0)),"",AA15/(D15+E15)) -> -2.625 | AC15: =IF(OR(A15="",F15="",F15=0),"",T15/F15) -> -2.625 | AD15: =IF(OR(A15="",F15=0,R$26="-",LU!$D$5=0),"",R15-R$26) -> -7.6666667 | AE15: =IF(OR(A15="",F15=0,S$26="-",LU!$D$5=0),"",S15-S$26) -> -10 | AF15: =IF(OR(A15="",F15=0,AD15=""),"",AD15-AE15) -> 2.3333333 | AG15: =IF(OR($A15="",C15=0),"",V15-V$26) | AH15: =IF(OR($A15="",D15=0),"",X15-X$26) | AI15: =IF(OR($A15="",E15=0),"",Z15-Z$26) -> -0.20112936 | AJ15: =IF(OR($A15="",AND(D15=0, E15=0)),"",AB15-AB$26) -> -0.051669459 | AK15: =IF(OR($A15="",AC15="",AC$26="-",LU!$D$5=0),"",AC15-AC$26) -> 0.29210605 | AL15: =IF(OR(A15="",F15=0),"",SUM(PT!U21,PT!U22)) -> 2
A16: =IF(ISBLANK(IGRF!$B24),"",IGRF!$B24) -> 7 | B16: =IF(ISBLANK(IGRF!$C24),"",IGRF!$C24) -> Freddie Mercury Poisoning | C16: =IF(A16="","",SUM(LU!O19,LU!O118)) -> 0 | D16: =IF(A16="","",SUM(LU!D19,LU!D118)) -> 0 | E16: =IF(A16="","",SUM(LU!J19,LU!J118)) -> 20 | F16: =IF(A16="","",(SUM(C16:E16)-(SUMPRODUCT(--(Lineups!C$4:C$41=A16),--(Lineups!A$4:A$41="SP"))+SUMPRODUCT(--(Lineups!G$4:G$41=A16),--(Lineups!A$4:A$41="SP"))+SUMPRODUCT(--(Lineups!C$46:C$83=A16),--(Lineups!A$46:A$83="SP"))+SUMPRODUCT(--(Lineups!G$46:G$83=A16),--(Lineups!A$46:A$83="SP"))))) -> 20 | G16: =IF(OR(A16="",F16=0,LU!D$3+LU!D$102=0),"",F16/(LU!D$3+LU!D$102)) -> 0.45454545 | H16: =IF(OR(C16=0,A16=""),"",SK!D204) | I16: =IF(OR(A16="",SK!E204="",SK!E204=0),"",H16/SK!E204) | J16: =IF(OR(A16="",C16=0),"",SK!G204) | K16: =IF(OR(A16="",C16=0),"",SK!H204) | L16: =IF(OR(A16="",C16=0),"",SK!J204) | M16: =IF(OR(A16="",C16=0),"",SK!L204) | N16: =IF(OR(A16="",C16=0),"",SUMPRODUCT(--(Lineups!$A$4:$A$41="SP"),--(Lineups!$C$4:$C$41=A16))+SUMPRODUCT(--(Lineups!$A$46:$A$83="SP"),--(Lineups!$C$46:$C$83=A16))) | O16: =IF(OR(A16="",C16="",(IF(C16="",0,C16)-IF(N16="",0,N16))=0),"",K16/(C16-N16)) | P16: =IF(OR(A16="",C16=0),"",SK!I204) | Q16: =IF(OR(A16="",C16=0,K16=0),"",P16/K16) | R16: =IF(OR(A16="",F16=0),"",SUM(LU!Q65,LU!Q164)) -> 72 | S16: =IF(OR(A16="",F16=0),"",SUM(LU!Q88,LU!Q187)) -> 119 | T16: =IF(OR(A16="",F16=0),"",SUM(LU!Q42,LU!Q141)) -> -47 | U16: =IF(OR(A16="",C16=0),"",SUM(LU!O42,LU!O141)) | V16: =IF(OR(A16="",C16=0),"",U16/C16) | W16: =IF(OR(A16="",D16=0),"",SUM(LU!D42,LU!D141)) | X16: =IF(OR(A16="",D16=0),"",W16/D16) | Y16: =IF(OR(A16="",E16=0),"",SUM(LU!J42,LU!J141)) -> -47 | Z16: =IF(OR(A16="",E16=0),"",Y16/E16) -> -2.35 | AA16: =IF(OR(A16="",AND(D16=0, E16=0)),"",SUM(LU!L42,LU!L141)) -> -47 | AB16: =IF(OR(A16="",AND(D16=0, E16=0)),"",AA16/(D16+E16)) -> -2.35 | AC16: =IF(OR(A16="",F16="",F16=0),"",T16/F16) -> -2.35 | AD16: =IF(OR(A16="",F16=0,R$26="-",LU!$D$5=0),"",R16-R$26) -> 26.333333 | AE16: =IF(OR(A16="",F16=0,S$26="-",LU!$D$5=0),"",S16-S$26) -> 29 | AF16: =IF(OR(A16="",F16=0,AD16=""),"",AD16-AE16) -> -2.6666667 | AG16: =IF(OR($A16="",C16=0),"",V16-V$26) | AH16: =IF(OR($A16="",D16=0),"",X16-X$26) | AI16: =IF(OR($A16="",E16=0),"",Z16-Z$26) -> 0.073870636 | AJ16: =IF(OR($A16="",AND(D16=0, E16=0)),"",AB16-AB$26) -> 0.22333054 | AK16: =IF(OR($A16="",AC16="",AC$26="-",LU!$D$5=0),"",AC16-AC$26) -> 0.56710605 | AL16: =IF(OR(A16="",F16=0),"",SUM(PT!U23,PT!U24)) -> 4
A17: =IF(ISBLANK(IGRF!$B25),"",IGRF!$B25) -> 720 | B17: =IF(ISBLANK(IGRF!$C25),"",IGRF!$C25) -> Bob Gnarly | C17: =IF(A17="","",SUM(LU!O20,LU!O119)) -> 0 | D17: =IF(A17="","",SUM(LU!D20,LU!D119)) -> 0 | E17: =IF(A17="","",SUM(LU!J20,LU!J119)) -> 10 | F17: =IF(A17="","",(SUM(C17:E17)-(SUMPRODUCT(--(Lineups!C$4:C$41=A17),--(Lineups!A$4:A$41="SP"))+SUMPRODUCT(--(Lineups!G$4:G$41=A17),--(Lineups!A$4:A$41="SP"))+SUMPRODUCT(--(Lineups!C$46:C$83=A17),--(Lineups!A$46:A$83="SP"))+SUMPRODUCT(--(Lineups!G$46:G$83=A17),--(Lineups!A$46:A$83="SP"))))) -> 10 | G17: =IF(OR(A17="",F17=0,LU!D$3+LU!D$102=0),"",F17/(LU!D$3+LU!D$102)) -> 0.22727273 | H17: =IF(OR(C17=0,A17=""),"",SK!D207) | I17: =IF(OR(A17="",SK!E207="",SK!E207=0),"",H17/SK!E207) | J17: =IF(OR(A17="",C17=0),"",SK!G207) | K17: =IF(OR(A17="",C17=0),"",SK!H207) | L17: =IF(OR(A17="",C17=0),"",SK!J207) | M17: =IF(OR(A17="",C17=0),"",SK!L207) | N17: =IF(OR(A17="",C17=0),"",SUMPRODUCT(--(Lineups!$A$4:$A$41="SP"),--(Lineups!$C$4:$C$41=A17))+SUMPRODUCT(--(Lineups!$A$46:$A$83="SP"),--(Lineups!$C$46:$C$83=A17))) | O17: =IF(OR(A17="",C17="",(IF(C17="",0,C17)-IF(N17="",0,N17))=0),"",K17/(C17-N17)) | P17: =IF(OR(A17="",C17=0),"",SK!I207) | Q17: =IF(OR(A17="",C17=0,K17=0),"",P17/K17) | R17: =IF(OR(A17="",F17=0),"",SUM(LU!Q66,LU!Q165)) -> 48 | S17: =IF(OR(A17="",F17=0),"",SUM(LU!Q89,LU!Q188)) -> 61 | T17: =IF(OR(A17="",F17=0),"",SUM(LU!Q43,LU!Q142)) -> -13 | U17: =IF(OR(A17="",C17=0),"",SUM(LU!O43,LU!O142)) | V17: =IF(OR(A17="",C17=0),"",U17/C17) | W17: =IF(OR(A17="",D17=0),"",SUM(LU!D43,LU!D142)) | X17: =IF(OR(A17="",D17=0),"",W17/D17) | Y17: =IF(OR(A17="",E17=0),"",SUM(LU!J43,LU!J142)) -> -13 | Z17: =IF(OR(A17="",E17=0),"",Y17/E17) -> -1.3 | AA17: =IF(OR(A17="",AND(D17=0, E17=0)),"",SUM(LU!L43,LU!L142)) -> -13 | AB17: =IF(OR(A17="",AND(D17=0, E17=0)),"",AA17/(D17+E17)) -> -1.3 | AC17: =IF(OR(A17="",F17="",F17=0),"",T17/F17) -> -1.3 | AD17: =IF(OR(A17="",F17=0,R$26="-",LU!$D$5=0),"",R17-R$26) -> 2.3333333 | AE17: =IF(OR(A17="",F17=0,S$26="-",LU!$D$5=0),"",S17-S$26) -> -29 | AF17: =IF(OR(A17="",F17=0,AD17=""),"",AD17-AE17) -> 31.333333 | AG17: =IF(OR($A17="",C17=0),"",V17-V$26) | AH17: =IF(OR($A17="",D17=0),"",X17-X$26) | AI17: =IF(OR($A17="",E17=0),"",Z17-Z$26) -> 1.1238706 | AJ17: =IF(OR($A17="",AND(D17=0, E17=0)),"",AB17-AB$26) -> 1.2733305 | AK17: =IF(OR($A17="",AC17="",AC$26="-",LU!$D$5=0),"",AC17-AC$26) -> 1.617106 | AL17: =IF(OR(A17="",F17=0),"",SUM(PT!U25,PT!U26)) -> 2
A18: =IF(ISBLANK(IGRF!$B26),"",IGRF!$B26) -> 737 | B18: =IF(ISBLANK(IGRF!$C26),"",IGRF!$C26) -> Lady J | C18: =IF(A18="","",SUM(LU!O21,LU!O120)) -> 9 | D18: =IF(A18="","",SUM(LU!D21,LU!D120)) -> 1 | E18: =IF(A18="","",SUM(LU!J21,LU!J120)) -> 1 | F18: =IF(A18="","",(SUM(C18:E18)-(SUMPRODUCT(--(Lineups!C$4:C$41=A18),--(Lineups!A$4:A$41="SP"))+SUMPRODUCT(--(Lineups!G$4:G$41=A18),--(Lineups!A$4:A$41="SP"))+SUMPRODUCT(--(Lineups!C$46:C$83=A18),--(Lineups!A$46:A$83="SP"))+SUMPRODUCT(--(Lineups!G$46:G$83=A18),--(Lineups!A$46:A$83="SP"))))) -> 10 | G18: =IF(OR(A18="",F18=0,LU!D$3+LU!D$102=0),"",F18/(LU!D$3+LU!D$102)) -> 0.22727273 | H18: =IF(OR(C18=0,A18=""),"",SK!D210) -> 43 | I18: =IF(OR(A18="",SK!E210="",SK!E210=0),"",H18/SK!E210) -> 4.7777778 | J18: =IF(OR(A18="",C18=0),"",SK!G210) -> 0 | K18: =IF(OR(A18="",C18=0),"",SK!H210) -> 5 | L18: =IF(OR(A18="",C18=0),"",SK!J210) -> 4 | M18: =IF(OR(A18="",C18=0),"",SK!L210) -> 2 | N18: =IF(OR(A18="",C18=0),"",SUMPRODUCT(--(Lineups!$A$4:$A$41="SP"),--(Lineups!$C$4:$C$41=A18))+SUMPRODUCT(--(Lineups!$A$46:$A$83="SP"),--(Lineups!$C$46:$C$83=A18))) -> 0 | O18: =IF(OR(A18="",C18="",(IF(C18="",0,C18)-IF(N18="",0,N18))=0),"",K18/(C18-N18)) -> 0.55555556 | P18: =IF(OR(A18="",C18=0),"",SK!I210) -> 20 | Q18: =IF(OR(A18="",C18=0,K18=0),"",P18/K18) -> 4 | R18: =IF(OR(A18="",F18=0),"",SUM(LU!Q67,LU!Q166)) -> 47 | S18: =IF(OR(A18="",F18=0),"",SUM(LU!Q90,LU!Q189)) -> 60 | T18: =IF(OR(A18="",F18=0),"",SUM(LU!Q44,LU!Q143)) -> -13 | U18: =IF(OR(A18="",C18=0),"",SUM(LU!O44,LU!O143)) -> -9 | V18: =IF(OR(A18="",C18=0),"",U18/C18) -> -1 | W18: =IF(OR(A18="",D18=0),"",SUM(LU!D44,LU!D143)) -> -4 | X18: =IF(OR(A18="",D18=0),"",W18/D18) -> -4 | Y18: =IF(OR(A18="",E18=0),"",SUM(LU!J44,LU!J143)) -> 0 | Z18: =IF(OR(A18="",E18=0),"",Y18/E18) -> 0 | AA18: =IF(OR(A18="",AND(D18=0, E18=0)),"",SUM(LU!L44,LU!L143)) -> -4 | AB18: =IF(OR(A18="",AND(D18=0, E18=0)),"",AA18/(D18+E18)) -> -2 | AC18: =IF(OR(A18="",F18="",F18=0),"",T18/F18) -> -1.3 | AD18: =IF(OR(A18="",F18=0,R$26="-",LU!$D$5=0),"",R18-R$26) -> 1.3333333 | AE18: =IF(OR(A18="",F18=0,S$26="-",LU!$D$5=0),"",S18-S$26) -> -30 | AF18: =IF(OR(A18="",F18=0,AD18=""),"",AD18-AE18) -> 31.333333 | AG18: =IF(OR($A18="",C18=0),"",V18-V$26) -> 1.971584 | AH18: =IF(OR($A18="",D18=0),"",X18-X$26) -> -3.4825397 | AI18: =IF(OR($A18="",E18=0),"",Z18-Z$26) -> 2.4238706 | AJ18: =IF(OR($A18="",AND(D18=0, E18=0)),"",AB18-AB$26) -> 0.57333054 | AK18: =IF(OR($A18="",AC18="",AC$26="-",LU!$D$5=0),"",AC18-AC$26) -> 1.617106 | AL18: =IF(OR(A18="",F18=0),"",SUM(PT!U27,PT!U28)) -> 0
A19: =IF(ISBLANK(IGRF!$B27),"",IGRF!$B27) -> 802 | B19: =IF(ISBLANK(IGRF!$C27),"",IGRF!$C27) -> Rutabaga Ginsberg (Baga) | C19: =IF(A19="","",SUM(LU!O22,LU!O121)) -> 0 | D19: =IF(A19="","",SUM(LU!D22,LU!D121)) -> 2 | E19: =IF(A19="","",SUM(LU!J22,LU!J121)) -> 16 | F19: =IF(A19="","",(SUM(C19:E19)-(SUMPRODUCT(--(Lineups!C$4:C$41=A19),--(Lineups!A$4:A$41="SP"))+SUMPRODUCT(--(Lineups!G$4:G$41=A19),--(Lineups!A$4:A$41="SP"))+SUMPRODUCT(--(Lineups!C$46:C$83=A19),--(Lineups!A$46:A$83="SP"))+SUMPRODUCT(--(Lineups!G$46:G$83=A19),--(Lineups!A$46:A$83="SP"))))) -> 18 | G19: =IF(OR(A19="",F19=0,LU!D$3+LU!D$102=0),"",F19/(LU!D$3+LU!D$102)) -> 0.40909091 | H19: =IF(OR(C19=0,A19=""),"",SK!D213) | I19: =IF(OR(A19="",SK!E213="",SK!E213=0),"",H19/SK!E213) | J19: =IF(OR(A19="",C19=0),"",SK!G213) | K19: =IF(OR(A19="",C19=0),"",SK!H213) | L19: =IF(OR(A19="",C19=0),"",SK!J213) | M19: =IF(OR(A19="",C19=0),"",SK!L213) | N19: =IF(OR(A19="",C19=0),"",SUMPRODUCT(--(Lineups!$A$4:$A$41="SP"),--(Lineups!$C$4:$C$41=A19))+SUMPRODUCT(--(Lineups!$A$46:$A$83="SP"),--(Lineups!$C$46:$C$83=A19))) | O19: =IF(OR(A19="",C19="",(IF(C19="",0,C19)-IF(N19="",0,N19))=0),"",K19/(C19-N19)) | P19: =IF(OR(A19="",C19=0),"",SK!I213) | Q19: =IF(OR(A19="",C19=0,K19=0),"",P19/K19) | R19: =IF(OR(A19="",F19=0),"",SUM(LU!Q68,LU!Q167)) -> 61 | S19: =IF(OR(A19="",F19=0),"",SUM(LU!Q91,LU!Q190)) -> 72 | T19: =IF(OR(A19="",F19=0),"",SUM(LU!Q45,LU!Q144)) -> -11 | U19: =IF(OR(A19="",C19=0),"",SUM(LU!O45,LU!O144)) | V19: =IF(OR(A19="",C19=0),"",U19/C19) | W19: =IF(OR(A19="",D19=0),"",SUM(LU!D45,LU!D144)) -> 0 | X19: =IF(OR(A19="",D19=0),"",W19/D19) -> 0 | Y19: =IF(OR(A19="",E19=0),"",SUM(LU!J45,LU!J144)) -> -11 | Z19: =IF(OR(A19="",E19=0),"",Y19/E19) -> -0.6875 | AA19: =IF(OR(A19="",AND(D19=0, E19=0)),"",SUM(LU!L45,LU!L144)) -> -11 | AB19: =IF(OR(A19="",AND(D19=0, E19=0)),"",AA19/(D19+E19)) -> -0.61111111 | AC19: =IF(OR(A19="",F19="",F19=0),"",T19/F19) -> -0.61111111 | AD19: =IF(OR(A19="",F19=0,R$26="-",LU!$D$5=0),"",R19-R$26) -> 15.333333 | AE19: =IF(OR(A19="",F19=0,S$26="-",LU!$D$5=0),"",S19-S$26) -> -18 | AF19: =IF(OR(A19="",F19=0,AD19=""),"",AD19-AE19) -> 33.333333 | AG19: =IF(OR($A19="",C19=0),"",V19-V$26) | AH19: =IF(OR($A19="",D19=0),"",X19-X$26) -> 0.51746032 | AI19: =IF(OR($A19="",E19=0),"",Z19-Z$26) -> 1.7363706 | AJ19: =IF(OR($A19="",AND(D19=0, E19=0)),"",AB19-AB$26) -> 1.9622194 | AK19: =IF(OR($A19="",AC19="",AC$26="-",LU!$D$5=0),"",AC19-AC$26) -> 2.3059949 | AL19: =IF(OR(A19="",F19=0),"",SUM(PT!U29,PT!U30)) -> 2
A20: =IF(ISBLANK(IGRF!$B28),"",IGRF!$B28) -> 86 | B20: =IF(ISBLANK(IGRF!$C28),"",IGRF!$C28) -> Glidezilla | C20: =IF(A20="","",SUM(LU!O23,LU!O122)) -> 1 | D20: =IF(A20="","",SUM(LU!D23,LU!D122)) -> 0 | E20: =IF(A20="","",SUM(LU!J23,LU!J122)) -> 6 | F20: =IF(A20="","",(SUM(C20:E20)-(SUMPRODUCT(--(Lineups!C$4:C$41=A20),--(Lineups!A$4:A$41="SP"))+SUMPRODUCT(--(Lineups!G$4:G$41=A20),--(Lineups!A$4:A$41="SP"))+SUMPRODUCT(--(Lineups!C$46:C$83=A20),--(Lineups!A$46:A$83="SP"))+SUMPRODUCT(--(Lineups!G$46:G$83=A20),--(Lineups!A$46:A$83="SP"))))) -> 6 | G20: =IF(OR(A20="",F20=0,LU!D$3+LU!D$102=0),"",F20/(LU!D$3+LU!D$102)) -> 0.13636364 | H20: =IF(OR(C20=0,A20=""),"",SK!D216) -> 0 | I20: =IF(OR(A20="",SK!E216="",SK!E216=0),"",H20/SK!E216) -> 0 | J20: =IF(OR(A20="",C20=0),"",SK!G216) -> 0 | K20: =IF(OR(A20="",C20=0),"",SK!H216) -> 0 | L20: =IF(OR(A20="",C20=0),"",SK!J216) -> 0 | M20: =IF(OR(A20="",C20=0),"",SK!L216) -> 1 | N20: =IF(OR(A20="",C20=0),"",SUMPRODUCT(--(Lineups!$A$4:$A$41="SP"),--(Lineups!$C$4:$C$41=A20))+SUMPRODUCT(--(Lineups!$A$46:$A$83="SP"),--(Lineups!$C$46:$C$83=A20))) -> 0 | O20: =IF(OR(A20="",C20="",(IF(C20="",0,C20)-IF(N20="",0,N20))=0),"",K20/(C20-N20)) -> 0 | P20: =IF(OR(A20="",C20=0),"",SK!I216) -> 0 | Q20: =IF(OR(A20="",C20=0,K20=0),"",P20/K20) | R20: =IF(OR(A20="",F20=0),"",SUM(LU!Q69,LU!Q168)) -> 19 | S20: =IF(OR(A20="",F20=0),"",SUM(LU!Q92,LU!Q191)) -> 38 | T20: =IF(OR(A20="",F20=0),"",SUM(LU!Q46,LU!Q145)) -> -19 | U20: =IF(OR(A20="",C20=0),"",SUM(LU!O46,LU!O145)) -> -8 | V20: =IF(OR(A20="",C20=0),"",U20/C20) -> -8 | W20: =IF(OR(A20="",D20=0),"",SUM(LU!D46,LU!D145)) | X20: =IF(OR(A20="",D20=0),"",W20/D20) | Y20: =IF(OR(A20="",E20=0),"",SUM(LU!J46,LU!J145)) -> -11 | Z20: =IF(OR(A20="",E20=0),"",Y20/E20) -> -1.8333333 | AA20: =IF(OR(A20="",AND(D20=0, E20=0)),"",SUM(LU!L46,LU!L145)) -> -11 | AB20: =IF(OR(A20="",AND(D20=0, E20=0)),"",AA20/(D20+E20)) -> -1.8333333 | AC20: =IF(OR(A20="",F20="",F20=0),"",T20/F20) -> -3.1666667 | AD20: =IF(OR(A20="",F20=0,R$26="-",LU!$D$5=0),"",R20-R$26) -> -26.666667 | AE20: =IF(OR(A20="",F20=0,S$26="-",LU!$D$5=0),"",S20-S$26) -> -52 | AF20: =IF(OR(A20="",F20=0,AD20=""),"",AD20-AE20) -> 25.333333 | AG20: =IF(OR($A20="",C20=0),"",V20-V$26) -> -5.028416 | AH20: =IF(OR($A20="",D20=0),"",X20-X$26) | AI20: =IF(OR($A20="",E20=0),"",Z20-Z$26) -> 0.5905373 | AJ20: =IF(OR($A20="",AND(D20=0, E20=0)),"",AB20-AB$26) -> 0.73999721 | AK20: =IF(OR($A20="",AC20="",AC$26="-",LU!$D$5=0),"",AC20-AC$26) -> -0.24956062 | AL20: =IF(OR(A20="",F20=0),"",SUM(PT!U31,PT!U32)) -> 1
A21: =IF(ISBLANK(IGRF!$B29),"",IGRF!$B29) -> 98 | B21: =IF(ISBLANK(IGRF!$C29),"",IGRF!$C29) -> Badelynn | C21: =IF(A21="","",SUM(LU!O24,LU!O123)) -> 11 | D21: =IF(A21="","",SUM(LU!D24,LU!D123)) -> 0 | E21: =IF(A21="","",SUM(LU!J24,LU!J123)) -> 0 | F21: =IF(A21="","",(SUM(C21:E21)-(SUMPRODUCT(--(Lineups!C$4:C$41=A21),--(Lineups!A$4:A$41="SP"))+SUMPRODUCT(--(Lineups!G$4:G$41=A21),--(Lineups!A$4:A$41="SP"))+SUMPRODUCT(--(Lineups!C$46:C$83=A21),--(Lineups!A$46:A$83="SP"))+SUMPRODUCT(--(Lineups!G$46:G$83=A21),--(Lineups!A$46:A$83="SP"))))) -> 11 | G21: =IF(OR(A21="",F21=0,LU!D$3+LU!D$102=0),"",F21/(LU!D$3+LU!D$102)) -> 0.25 | H21: =IF(OR(C21=0,A21=""),"",SK!D219) -> 46 | I21: =IF(OR(A21="",SK!E219="",SK!E219=0),"",H21/SK!E219) -> 4.1818182 | J21: =IF(OR(A21="",C21=0),"",SK!G219) -> 0 | K21: =IF(OR(A21="",C21=0),"",SK!H219) -> 3 | L21: =IF(OR(A21="",C21=0),"",SK!J219) -> 3 | M21: =IF(OR(A21="",C21=0),"",SK!L219) -> 1 | N21: =IF(OR(A21="",C21=0),"",SUMPRODUCT(--(Lineups!$A$4:$A$41="SP"),--(Lineups!$C$4:$C$41=A21))+SUMPRODUCT(--(Lineups!$A$46:$A$83="SP"),--(Lineups!$C$46:$C$83=A21))) -> 0 | O21: =IF(OR(A21="",C21="",(IF(C21="",0,C21)-IF(N21="",0,N21))=0),"",K21/(C21-N21)) -> 0.27272727 | P21: =IF(OR(A21="",C21=0),"",SK!I219) -> 9 | Q21: =IF(OR(A21="",C21=0,K21=0),"",P21/K21) -> 3 | R21: =IF(OR(A21="",F21=0),"",SUM(LU!Q70,LU!Q169)) -> 46 | S21: =IF(OR(A21="",F21=0),"",SUM(LU!Q93,LU!Q192)) -> 77 | T21: =IF(OR(A21="",F21=0),"",SUM(LU!Q47,LU!Q146)) -> -31 | U21: =IF(OR(A21="",C21=0),"",SUM(LU!O47,LU!O146)) -> -31 | V21: =IF(OR(A21="",C21=0),"",U21/C21) -> -2.8181818 | W21: =IF(OR(A21="",D21=0),"",SUM(LU!D47,LU!D146)) | X21: =IF(OR(A21="",D21=0),"",W21/D21) | Y21: =IF(OR(A21="",E21=0),"",SUM(LU!J47,LU!J146)) | Z21: =IF(OR(A21="",E21=0),"",Y21/E21) | AA21: =IF(OR(A21="",AND(D21=0, E21=0)),"",SUM(LU!L47,LU!L146)) | AB21: =IF(OR(A21="",AND(D21=0, E21=0)),"",AA21/(D21+E21)) | AC21: =IF(OR(A21="",F21="",F21=0),"",T21/F21) -> -2.8181818 | AD21: =IF(OR(A21="",F21=0,R$26="-",LU!$D$5=0),"",R21-R$26) -> 0.33333333 | AE21: =IF(OR(A21="",F21=0,S$26="-",LU!$D$5=0),"",S21-S$26) -> -13 | AF21: =IF(OR(A21="",F21=0,AD21=""),"",AD21-AE21) -> 13.333333 | AG21: =IF(OR($A21="",C21=0),"",V21-V$26) -> 0.15340215 | AH21: =IF(OR($A21="",D21=0),"",X21-X$26) | AI21: =IF(OR($A21="",E21=0),"",Z21-Z$26) | AJ21: =IF(OR($A21="",AND(D21=0, E21=0)),"",AB21-AB$26) | AK21: =IF(OR($A21="",AC21="",AC$26="-",LU!$D$5=0),"",AC21-AC$26) -> 0.09892423 | AL21: =IF(OR(A21="",F21=0),"",SUM(PT!U33,PT!U34)) -> 2
A22: =IF(ISBLANK(IGRF!$B30),"",IGRF!$B30) | B22: =IF(ISBLANK(IGRF!$C30),"",IGRF!$C30) | C22: =IF(A22="","",SUM(LU!O25,LU!O124)) | D22: =IF(A22="","",SUM(LU!D25,LU!D124)) | E22: =IF(A22="","",SUM(LU!J25,LU!J124)) | F22: =IF(A22="","",(SUM(C22:E22)-(SUMPRODUCT(--(Lineups!C$4:C$41=A22),--(Lineups!A$4:A$41="SP"))+SUMPRODUCT(--(Lineups!G$4:G$41=A22),--(Lineups!A$4:A$41="SP"))+SUMPRODUCT(--(Lineups!C$46:C$83=A22),--(Lineups!A$46:A$83="SP"))+SUMPRODUCT(--(Lineups!G$46:G$83=A22),--(Lineups!A$46:A$83="SP"))))) | G22: =IF(OR(A22="",F22=0,LU!D$3+LU!D$102=0),"",F22/(LU!D$3+LU!D$102)) | H22: =IF(OR(C22=0,A22=""),"",SK!D222) | I22: =IF(OR(A22="",SK!E222="",SK!E222=0),"",H22/SK!E222) | J22: =IF(OR(A22="",C22=0),"",SK!G222) | K22: =IF(OR(A22="",C22=0),"",SK!H222) | L22: =IF(OR(A22="",C22=0),"",SK!J222) | M22: =IF(OR(A22="",C22=0),"",SK!L222) | N22: =IF(OR(A22="",C22=0),"",SUMPRODUCT(--(Lineups!$A$4:$A$41="SP"),--(Lineups!$C$4:$C$41=A22))+SUMPRODUCT(--(Lineups!$A$46:$A$83="SP"),--(Lineups!$C$46:$C$83=A22))) | O22: =IF(OR(A22="",C22="",(IF(C22="",0,C22)-IF(N22="",0,N22))=0),"",K22/(C22-N22)) | P22: =IF(OR(A22="",C22=0),"",SK!I222) | Q22: =IF(OR(A22="",C22=0,K22=0),"",P22/K22) | R22: =IF(OR(A22="",F22=0),"",SUM(LU!Q71,LU!Q170)) | S22: =IF(OR(A22="",F22=0),"",SUM(LU!Q94,LU!Q193)) | T22: =IF(OR(A22="",F22=0),"",SUM(LU!Q48,LU!Q147)) | U22: =IF(OR(A22="",C22=0),"",SUM(LU!O48,LU!O147)) | V22: =IF(OR(A22="",C22=0),"",U22/C22) | W22: =IF(OR(A22="",D22=0),"",SUM(LU!D48,LU!D147)) | X22: =IF(OR(A22="",D22=0),"",W22/D22) | Y22: =IF(OR(A22="",E22=0),"",SUM(LU!J48,LU!J147)) | Z22: =IF(OR(A22="",E22=0),"",Y22/E22) | AA22: =IF(OR(A22="",AND(D22=0, E22=0)),"",SUM(LU!L48,LU!L147)) | AB22: =IF(OR(A22="",AND(D22=0, E22=0)),"",AA22/(D22+E22)) | AC22: =IF(OR(A22="",F22="",F22=0),"",T22/F22) | AD22: =IF(OR(A22="",F22=0,R$26="-",LU!$D$5=0),"",R22-R$26) | AE22: =IF(OR(A22="",F22=0,S$26="-",LU!$D$5=0),"",S22-S$26) | AF22: =IF(OR(A22="",F22=0,AD22=""),"",AD22-AE22) | AG22: =IF(OR($A22="",C22=0),"",V22-V$26) | AH22: =IF(OR($A22="",D22=0),"",X22-X$26) | AI22: =IF(OR($A22="",E22=0),"",Z22-Z$26) | AJ22: =IF(OR($A22="",AND(D22=0, E22=0)),"",AB22-AB$26) | AK22: =IF(OR($A22="",AC22="",AC$26="-",LU!$D$5=0),"",AC22-AC$26) | AL22: =IF(OR(A22="",F22=0),"",SUM(PT!U35,PT!U36))
A23: =IF(ISBLANK(IGRF!$B31),"",IGRF!$B31) | B23: =IF(ISBLANK(IGRF!$C31),"",IGRF!$C31) | C23: =IF(A23="","",SUM(LU!O26,LU!O125)) | D23: =IF(A23="","",SUM(LU!D26,LU!D125)) | E23: =IF(A23="","",SUM(LU!J26,LU!J125)) | F23: =IF(A23="","",(SUM(C23:E23)-(SUMPRODUCT(--(Lineups!C$4:C$41=A23),--(Lineups!A$4:A$41="SP"))+SUMPRODUCT(--(Lineups!G$4:G$41=A23),--(Lineups!A$4:A$41="SP"))+SUMPRODUCT(--(Lineups!C$46:C$83=A23),--(Lineups!A$46:A$83="SP"))+SUMPRODUCT(--(Lineups!G$46:G$83=A23),--(Lineups!A$46:A$83="SP"))))) | G23: =IF(OR(A23="",F23=0,LU!D$3+LU!D$102=0),"",F23/(LU!D$3+LU!D$102)) | H23: =IF(OR(C23=0,A23=""),"",SK!D225) | I23: =IF(OR(A23="",SK!E225="",SK!E225=0),"",H23/SK!E225) | J23: =IF(OR(A23="",C23=0),"",SK!G225) | K23: =IF(OR(A23="",C23=0),"",SK!H225) | L23: =IF(OR(A23="",C23=0),"",SK!J225) | M23: =IF(OR(A23="",C23=0),"",SK!L225) | N23: =IF(OR(A23="",C23=0),"",SUMPRODUCT(--(Lineups!$A$4:$A$41="SP"),--(Lineups!$C$4:$C$41=A23))+SUMPRODUCT(--(Lineups!$A$46:$A$83="SP"),--(Lineups!$C$46:$C$83=A23))) | O23: =IF(OR(A23="",C23="",(IF(C23="",0,C23)-IF(N23="",0,N23))=0),"",K23/(C23-N23)) | P23: =IF(OR(A23="",C23=0),"",SK!I225) | Q23: =IF(OR(A23="",C23=0,K23=0),"",P23/K23) | R23: =IF(OR(A23="",F23=0),"",SUM(LU!Q72,LU!Q171)) | S23: =IF(OR(A23="",F23=0),"",SUM(LU!Q95,LU!Q194)) | T23: =IF(OR(A23="",F23=0),"",SUM(LU!Q49,LU!Q148)) | U23: =IF(OR(A23="",C23=0),"",SUM(LU!O49,LU!O148)) | V23: =IF(OR(A23="",C23=0),"",U23/C23) | W23: =IF(OR(A23="",D23=0),"",SUM(LU!D49,LU!D148)) | X23: =IF(OR(A23="",D23=0),"",W23/D23) | Y23: =IF(OR(A23="",E23=0),"",SUM(LU!J49,LU!J148)) | Z23: =IF(OR(A23="",E23=0),"",Y23/E23) | AA23: =IF(OR(A23="",AND(D23=0, E23=0)),"",SUM(LU!L49,LU!L148)) | AB23: =IF(OR(A23="",AND(D23=0, E23=0)),"",AA23/(D23+E23)) | AC23: =IF(OR(A23="",F23="",F23=0),"",T23/F23) | AD23: =IF(OR(A23="",F23=0,R$26="-",LU!$D$5=0),"",R23-R$26) | AE23: =IF(OR(A23="",F23=0,S$26="-",LU!$D$5=0),"",S23-S$26) | AF23: =IF(OR(A23="",F23=0,AD23=""),"",AD23-AE23) | AG23: =IF(OR($A23="",C23=0),"",V23-V$26) | AH23: =IF(OR($A23="",D23=0),"",X23-X$26) | AI23: =IF(OR($A23="",E23=0),"",Z23-Z$26) | AJ23: =IF(OR($A23="",AND(D23=0, E23=0)),"",AB23-AB$26) | AK23: =IF(OR($A23="",AC23="",AC$26="-",LU!$D$5=0),"",AC23-AC$26) | AL23: =IF(OR(A23="",F23=0),"",SUM(PT!U37,PT!U38))
A24: =IF(ISBLANK(IGRF!$B32),"",IGRF!$B32) | B24: =IF(ISBLANK(IGRF!$C32),"",IGRF!$C32) | C24: =IF(A24="","",SUM(LU!O27,LU!O126)) | D24: =IF(A24="","",SUM(LU!D27,LU!D126)) | E24: =IF(A24="","",SUM(LU!J27,LU!J126)) | F24: =IF(A24="","",(SUM(C24:E24)-(SUMPRODUCT(--(Lineups!C$4:C$41=A24),--(Lineups!A$4:A$41="SP"))+SUMPRODUCT(--(Lineups!G$4:G$41=A24),--(Lineups!A$4:A$41="SP"))+SUMPRODUCT(--(Lineups!C$46:C$83=A24),--(Lineups!A$46:A$83="SP"))+SUMPRODUCT(--(Lineups!G$46:G$83=A24),--(Lineups!A$46:A$83="SP"))))) | G24: =IF(OR(A24="",F24=0,LU!D$3+LU!D$102=0),"",F24/(LU!D$3+LU!D$102)) | H24: =IF(OR(C24=0,A24=""),"",SK!D228) | I24: =IF(OR(A24="",SK!E228="",SK!E228=0),"",H24/SK!E228) | J24: =IF(OR(A24="",C24=0),"",SK!G228) | K24: =IF(OR(A24="",C24=0),"",SK!H228) | L24: =IF(OR(A24="",C24=0),"",SK!J228) | M24: =IF(OR(A24="",C24=0),"",SK!L228) | N24: =IF(OR(A24="",C24=0),"",SUMPRODUCT(--(Lineups!$A$4:$A$41="SP"),--(Lineups!$C$4:$C$41=A24))+SUMPRODUCT(--(Lineups!$A$46:$A$83="SP"),--(Lineups!$C$46:$C$83=A24))) | O24: =IF(OR(A24="",C24="",(IF(C24="",0,C24)-IF(N24="",0,N24))=0),"",K24/(C24-N24)) | P24: =IF(OR(A24="",C24=0),"",SK!I228) | Q24: =IF(OR(A24="",C24=0,K24=0),"",P24/K24) | R24: =IF(OR(A24="",F24=0),"",SUM(LU!Q73,LU!Q172)) | S24: =IF(OR(A24="",F24=0),"",SUM(LU!Q96,LU!Q195)) | T24: =IF(OR(A24="",F24=0),"",SUM(LU!Q50,LU!Q149)) | U24: =IF(OR(A24="",C24=0),"",SUM(LU!O50,LU!O149)) | V24: =IF(OR(A24="",C24=0),"",U24/C24) | W24: =IF(OR(A24="",D24=0),"",SUM(LU!D50,LU!D149)) | X24: =IF(OR(A24="",D24=0),"",W24/D24) | Y24: =IF(OR(A24="",E24=0),"",SUM(LU!J50,LU!J149)) | Z24: =IF(OR(A24="",E24=0),"",Y24/E24) | AA24: =IF(OR(A24="",AND(D24=0, E24=0)),"",SUM(LU!L50,LU!L149)) | AB24: =IF(OR(A24="",AND(D24=0, E24=0)),"",AA24/(D24+E24)) | AC24: =IF(OR(A24="",F24="",F24=0),"",T24/F24) | AD24: =IF(OR(A24="",F24=0,R$26="-",LU!$D$5=0),"",R24-R$26) | AE24: =IF(OR(A24="",F24=0,S$26="-",LU!$D$5=0),"",S24-S$26) | AF24: =IF(OR(A24="",F24=0,AD24=""),"",AD24-AE24) | AG24: =IF(OR($A24="",C24=0),"",V24-V$26) | AH24: =IF(OR($A24="",D24=0),"",X24-X$26) | AI24: =IF(OR($A24="",E24=0),"",Z24-Z$26) | AJ24: =IF(OR($A24="",AND(D24=0, E24=0)),"",AB24-AB$26) | AK24: =IF(OR($A24="",AC24="",AC$26="-",LU!$D$5=0),"",AC24-AC$26) | AL24: =IF(OR(A24="",F24=0),"",SUM(PT!U39,PT!U40))
A25: =IF(ISBLANK(IGRF!$B33),"",IGRF!$B33) | B25: =IF(ISBLANK(IGRF!$C33),"",IGRF!$C33) | C25: =IF(A25="","",SUM(LU!O28,LU!O127)) | D25: =IF(A25="","",SUM(LU!D28,LU!D127)) | E25: =IF(A25="","",SUM(LU!J28,LU!J127)) | F25: =IF(A25="","",(SUM(C25:E25)-(SUMPRODUCT(--(Lineups!C$4:C$41=A25),--(Lineups!A$4:A$41="SP"))+SUMPRODUCT(--(Lineups!G$4:G$41=A25),--(Lineups!A$4:A$41="SP"))+SUMPRODUCT(--(Lineups!C$46:C$83=A25),--(Lineups!A$46:A$83="SP"))+SUMPRODUCT(--(Lineups!G$46:G$83=A25),--(Lineups!A$46:A$83="SP"))))) | G25: =IF(OR(A25="",F25=0,LU!D$3+LU!D$102=0),"",F25/(LU!D$3+LU!D$102)) | H25: =IF(OR(C25=0,A25=""),"",SK!D231) | I25: =IF(OR(A25="",SK!E231="",SK!E231=0),"",H25/SK!E231) | J25: =IF(OR(A25="",C25=0),"",SK!G231) | K25: =IF(OR(A25="",C25=0),"",SK!H231) | L25: =IF(OR(A25="",C25=0),"",SK!J231) | M25: =IF(OR(A25="",C25=0),"",SK!L231) | N25: =IF(OR(A25="",C25=0),"",SUMPRODUCT(--(Lineups!$A$4:$A$41="SP"),--(Lineups!$C$4:$C$41=A25))+SUMPRODUCT(--(Lineups!$A$46:$A$83="SP"),--(Lineups!$C$46:$C$83=A25))) | O25: =IF(OR(A25="",C25="",(IF(C25="",0,C25)-IF(N25="",0,N25))=0),"",K25/(C25-N25)) | P25: =IF(OR(A25="",C25=0),"",SK!I231) | Q25: =IF(OR(A25="",C25=0,K25=0),"",P25/K25) | R25: =IF(OR(A25="",F25=0),"",SUM(LU!Q74,LU!Q173)) | S25: =IF(OR(A25="",F25=0),"",SUM(LU!Q97,LU!Q196)) | T25: =IF(OR(A25="",F25=0),"",SUM(LU!Q51,LU!Q150)) | U25: =IF(OR(A25="",C25=0),"",SUM(LU!O51,LU!O150)) | V25: =IF(OR(A25="",C25=0),"",U25/C25) | W25: =IF(OR(A25="",D25=0),"",SUM(LU!D51,LU!D150)) | X25: =IF(OR(A25="",D25=0),"",W25/D25) | Y25: =IF(OR(A25="",E25=0),"",SUM(LU!J51,LU!J150)) | Z25: =IF(OR(A25="",E25=0),"",Y25/E25) | AA25: =IF(OR(A25="",AND(D25=0, E25=0)),"",SUM(LU!L51,LU!L150)) | AB25: =IF(OR(A25="",AND(D25=0, E25=0)),"",AA25/(D25+E25)) | AC25: =IF(OR(A25="",F25="",F25=0),"",T25/F25) | AD25: =IF(OR(A25="",F25=0,R$26="-",LU!$D$5=0),"",R25-R$26) | AE25: =IF(OR(A25="",F25=0,S$26="-",LU!$D$5=0),"",S25-S$26) | AF25: =IF(OR(A25="",F25=0,AD25=""),"",AD25-AE25) | AG25: =IF(OR($A25="",C25=0),"",V25-V$26) | AH25: =IF(OR($A25="",D25=0),"",X25-X$26) | AI25: =IF(OR($A25="",E25=0),"",Z25-Z$26) | AJ25: =IF(OR($A25="",AND(D25=0, E25=0)),"",AB25-AB$26) | AK25: =IF(OR($A25="",AC25="",AC$26="-",LU!$D$5=0),"",AC25-AC$26) | AL25: =IF(OR(A25="",F25=0),"",SUM(PT!U41,PT!U42))
A26: TEAM SUMMARIES | C26: =SUM(C6:C25) -> 47 | D26: =SUM(D6:D25) -> 44 | E26: =SUM(E6:E25) -> 135 | F26: =SUM(F6:F25) -> 220 | G26: =IF(COUNT(G6:G25)=0,"-",AVERAGE(G6:G25)) -> 0.33333333 | H26: =SUM(H6:H25) -> 137 | I26: =IF(LU!D3+LU!D102=0,"-",H26/(LU!D3+LU!D102)) -> 3.1136364 | J26: =SUM(J6:J25) -> 1 | K26: =SUM(K6:K25) -> 15 | L26: =SUM(L6:L25) -> 12 | M26: =SUM(M6:M25) -> 9 | N26: =SUM(N6:N25) -> 3 | O26: =IF(C26=0,"-",K26/(C26-N26)) -> 0.34090909 | P26: =SUM(P6:P25) -> 36 | Q26: =IF(COUNT(Q6:Q25)=0,"-",AVERAGE(Q6:Q25)) -> 2.3125 | R26: =IF(COUNT(R6:R25)=0,"-",AVERAGE(R6:R25)) -> 45.666667 | S26: =IF(COUNT(S6:S25)=0,"-",AVERAGE(S6:S25)) -> 90 | T26: =IF(COUNT(T6:T25)=0,"-",AVERAGE(T6:T25)) -> -44.333333 | U26: =IF(COUNT(U6:U25)=0,"-",AVERAGE(U6:U25)) -> -19 | V26: =IF(COUNT(V6:V25)=0,"-",AVERAGE(V6:V25)) -> -2.971584 | W26: =IF(COUNT(W6:W25)=0,"-",AVERAGE(W6:W25)) -> -19 | X26: =IF(COUNT(X6:X25)=0,"-",AVERAGE(X6:X25)) -> -0.51746032 | ... AC26: =IF(COUNT(AC6:AC25)=0,"-",AVERAGE(AC6:AC25)) -> -2.917106 | AD26: N/A | AE26: N/A | AF26: N/A | AG26: N/A | AH26: N/A | AI26: N/A | AJ26: N/A | AK26: N/A | AL26: =SUM(AL6:AM25) -> 29
A27: # | B27: =Score!$T$1 -> ROCKY MOUNTAIN ROLLER DERBY / 5280 FIGHT CLUB | C27: JAMMER | D27: PIVOT | E27: BLOCKER | F27: TOTAL | G27: % JAMS SKATED | H27: POINTS | I27: PPJ | J27: LOST | K27: LEAD | L27: CALLED | M27: NO INITIAL TRIP | N27: STAR PASSES RECEIVED | O27: LEAD % | P27: LEAD +/- | Q27: AVERAGE LEAD +/- | R27: PTS FOR | S27: PTS AGAINST | T27: TOTAL +/- | U27: JAMMER +/- | V27: AVERAGE JAMMER +/- | W27: PIVOT +/- | X27: AVERAGE PIVOT +/- | Y27: BLOCK +/- | Z27: AVERAGE BLOCKER +/- | AA27: PACK +/- | AB27: AVERAGE PACK +/- | AC27: AVG +/- | AD27: VTAR PTS FOR | AE27: VTAR PTS AGAINST | AF27: VTAR TOTAL +/- | AG27: VTAR JAMMER AVG +/- | AH27: VTAR PIVOT AVG +/- | AI27: VTAR BLOCKER AVG +/- | AJ27: VTAR PACK AVG +/- | AK27: TOTAL VTAR AVG +/- | AL27: SKATERS PENALTY COUNT
A28: =IF(ISBLANK(IGRF!$I14),"",IGRF!$I14) -> 008 | B28: =IF(ISBLANK(IGRF!$J14),"",IGRF!$J14) -> HAM Wheezy | C28: =IF(A28="","",SUM(LU!AH9,LU!AH108)) -> 0 | D28: =IF(A28="","",SUM(LU!W9,LU!W108)) -> 6 | E28: =IF(A28="","",SUM(LU!AC9,LU!AC108)) -> 11 | F28: =IF(A28="","",(SUM(C28:E28)-(SUMPRODUCT(--(Lineups!AC$4:AC$41=A28),--(Lineups!AA$4:AA$41="SP"))+SUMPRODUCT(--(Lineups!AG$4:AG$41=A28),--(Lineups!AA$4:AA$41="SP"))+SUMPRODUCT(--(Lineups!AC$46:AC$83=A28),--(Lineups!AA$46:AA$83="SP"))+SUMPRODUCT(--(Lineups!AG$46:AG$83=A28),--(Lineups!AA$46:AA$83="SP"))))) -> 17 | G28: =IF(OR(A28="",F28=0,LU!D$3+LU!D$102=0),"",F28/(LU!D$3+LU!D$102)) -> 0.38636364 | H28: =IF(OR(C28=0,A28=""),"",SK!T174) | I28: =IF(OR(A28="",SK!U174="",SK!U174=0),"",H28/SK!U174) | J28: =IF(OR(C28=0,A28=""),"",SK!W174) | K28: =IF(OR(C28=0,A28=""),"",SK!X174) | L28: =IF(OR(C28=0,A28=""),"",SK!Z174) | M28: =IF(OR(C28=0,A28=""),"",SK!AB174) | N28: =IF(OR(A28="",C28=0),"",SUMPRODUCT(--(Lineups!$AA$4:$AA$41="SP"),--(Lineups!$AC$4:$AC$41=A28))+SUMPRODUCT(--(Lineups!$AA$46:$AA$83="SP"),--(Lineups!$AC$46:$AC$83=A28))) | O28: =IF(OR(A28="",C28="",(IF(C28="",0,C28)-IF(N28="",0,N28))=0),"",K28/(C28-N28)) | P28: =IF(OR(A28="",C28=0),"",SK!Y174) | Q28: =IF(OR(A28="",C28=0,K28=0),"",P28/K28) | R28: =IF(OR(A28="",F28=0),"",SUM(LU!AJ55,LU!AJ154)) -> 102 | S28: =IF(OR(A28="",F28=0),"",SUM(LU!AJ78,LU!AJ177)) -> 61 | T28: =IF(OR(A28="",F28=0),"",SUM(LU!AJ32,LU!AJ131)) -> 41 | U28: =IF(OR(A28="",C28=0),"",SUM(LU!AH32,LU!AH131)) | V28: =IF(OR(A28="",C28=0),"",U28/C28) | W28: =IF(OR(A28="",D28=0),"",SUM(LU!W32,LU!W131)) -> 33 | X28: =IF(OR(A28="",D28=0),"",W28/D28) -> 5.5 | Y28: =IF(OR(A28="",E28=0),"",SUM(LU!AC32,LU!AC131)) -> 8 | Z28: =IF(OR(A28="",E28=0),"",Y28/E28) -> 0.72727273 | AA28: =IF(OR(A28="",AND(D28=0, E28=0)),"",SUM(LU!AE32,LU!AE131)) -> 41 | AB28: =IF(OR(A28="",AND(D28=0, E28=0)),"",AA28/(D28+E28)) -> 2.4117647 | AC28: =IF(OR(A28="",F28="",F28=0),"",T28/F28) -> 2.4117647 | AD28: =IF(OR(A28="",F28=0,R$48="-",LU!$W$5=0),"",R28-R$48) -> 5.5714286 | AE28: =IF(OR(A28="",F28=0,S$48="-",LU!$W$5=0),"",S28-S$48) -> 12.071429 | AF28: =IF(OR(A28="",F28=0,AD28=""),"",AD28-AE28) -> -6.5 | AG28: =IF(OR($A28="",C28=0),"",V28-V$48) | AH28: =IF(OR($A28="",D28=0),"",X28-X$48) -> 1.0125 | AI28: =IF(OR($A28="",E28=0),"",Z28-Z$48) -> -2.2673464 | AJ28: =IF(OR($A28="",AND(D28=0, E28=0)),"",AB28-AB$48) -> -0.53990323 | AK28: =IF(OR($A28="",AC28="",AC$48="-",LU!$W$5=0),"",AC28-AC$48) -> -0.29982842 | AL28: =IF(OR(A28="",F28=0),"",SUM(PT!U56,PT!U57)) -> 6
A29: =IF(ISBLANK(IGRF!$I15),"",IGRF!$I15) -> 1 | B29: =IF(ISBLANK(IGRF!$J15),"",IGRF!$J15) -> Pink FlameNgo | C29: =IF(A29="","",SUM(LU!AH10,LU!AH109)) -> 14 | D29: =IF(A29="","",SUM(LU!W10,LU!W109)) -> 0 | E29: =IF(A29="","",SUM(LU!AC10,LU!AC109)) -> 1 | F29: =IF(A29="","",(SUM(C29:E29)-(SUMPRODUCT(--(Lineups!AC$4:AC$41=A29),--(Lineups!AA$4:AA$41="SP"))+SUMPRODUCT(--(Lineups!AG$4:AG$41=A29),--(Lineups!AA$4:AA$41="SP"))+SUMPRODUCT(--(Lineups!AC$46:AC$83=A29),--(Lineups!AA$46:AA$83="SP"))+SUMPRODUCT(--(Lineups!AG$46:AG$83=A29),--(Lineups!AA$46:AA$83="SP"))))) -> 14 | G29: =IF(OR(A29="",F29=0,LU!D$3+LU!D$102=0),"",F29/(LU!D$3+LU!D$102)) -> 0.31818182 | H29: =IF(OR(C29=0,A29=""),"",SK!T177) -> 109 | I29: =IF(OR(A29="",SK!U177="",SK!U177=0),"",H29/SK!U177) -> 7.7857143 | J29: =IF(OR(C29=0,A29=""),"",SK!W177) -> 1 | K29: =IF(OR(C29=0,A29=""),"",SK!X177) -> 11 | L29: =IF(OR(C29=0,A29=""),"",SK!Z177) -> 10 | M29: =IF(OR(C29=0,A29=""),"",SK!AB177) -> 0 | N29: =IF(OR(A29="",C29=0),"",SUMPRODUCT(--(Lineups!$AA$4:$AA$41="SP"),--(Lineups!$AC$4:$AC$41=A29))+SUMPRODUCT(--(Lineups!$AA$46:$AA$83="SP"),--(Lineups!$AC$46:$AC$83=A29))) -> 0 | O29: =IF(OR(A29="",C29="",(IF(C29="",0,C29)-IF(N29="",0,N29))=0),"",K29/(C29-N29)) -> 0.78571429 | P29: =IF(OR(A29="",C29=0),"",SK!Y177) -> 88 | Q29: =IF(OR(A29="",C29=0,K29=0),"",P29/K29) -> 8 | R29: =IF(OR(A29="",F29=0),"",SUM(LU!AJ56,LU!AJ155)) -> 112 | S29: =IF(OR(A29="",F29=0),"",SUM(LU!AJ79,LU!AJ178)) -> 33 | T29: =IF(OR(A29="",F29=0),"",SUM(LU!AJ33,LU!AJ132)) -> 79 | U29: =IF(OR(A29="",C29=0),"",SUM(LU!AH33,LU!AH132)) -> 76 | V29: =IF(OR(A29="",C29=0),"",U29/C29) -> 5.4285714 | W29: =IF(OR(A29="",D29=0),"",SUM(LU!W33,LU!W132)) | X29: =IF(OR(A29="",D29=0),"",W29/D29) | Y29: =IF(OR(A29="",E29=0),"",SUM(LU!AC33,LU!AC132)) -> 3 | Z29: =IF(OR(A29="",E29=0),"",Y29/E29) -> 3 | AA29: =IF(OR(A29="",AND(D29=0, E29=0)),"",SUM(LU!AE33,LU!AE132)) -> 3 | AB29: =IF(OR(A29="",AND(D29=0, E29=0)),"",AA29/(D29+E29)) -> 3 | AC29: =IF(OR(A29="",F29="",F29=0),"",T29/F29) -> 5.6428571 | AD29: =IF(OR(A29="",F29=0,R$48="-",LU!$W$5=0),"",R29-R$48) -> 15.571429 | AE29: =IF(OR(A29="",F29=0,S$48="-",LU!$W$5=0),"",S29-S$48) -> -15.928571 | AF29: =IF(OR(A29="",F29=0,AD29=""),"",AD29-AE29) -> 31.5 | AG29: =IF(OR($A29="",C29=0),"",V29-V$48) -> 2.8617725 | AH29: =IF(OR($A29="",D29=0),"",X29-X$48) | AI29: =IF(OR($A29="",E29=0),"",Z29-Z$48) -> 0.0053808936 | AJ29: =IF(OR($A29="",AND(D29=0, E29=0)),"",AB29-AB$48) -> 0.04833206 | AK29: =IF(OR($A29="",AC29="",AC$48="-",LU!$W$5=0),"",AC29-AC$48) -> 2.931264 | AL29: =IF(OR(A29="",F29=0),"",SUM(PT!U58,PT!U59)) -> 1
A30: =IF(ISBLANK(IGRF!$I16),"",IGRF!$I16) -> 11 | B30: =IF(ISBLANK(IGRF!$J16),"",IGRF!$J16) -> Oy Vey Maria | C30: =IF(A30="","",SUM(LU!AH11,LU!AH110)) -> 8 | D30: =IF(A30="","",SUM(LU!W11,LU!W110)) -> 0 | E30: =IF(A30="","",SUM(LU!AC11,LU!AC110)) -> 4 | F30: =IF(A30="","",(SUM(C30:E30)-(SUMPRODUCT(--(Lineups!AC$4:AC$41=A30),--(Lineups!AA$4:AA$41="SP"))+SUMPRODUCT(--(Lineups!AG$4:AG$41=A30),--(Lineups!AA$4:AA$41="SP"))+SUMPRODUCT(--(Lineups!AC$46:AC$83=A30),--(Lineups!AA$46:AA$83="SP"))+SUMPRODUCT(--(Lineups!AG$46:AG$83=A30),--(Lineups!AA$46:AA$83="SP"))))) -> 10 | G30: =IF(OR(A30="",F30=0,LU!D$3+LU!D$102=0),"",F30/(LU!D$3+LU!D$102)) -> 0.22727273 | H30: =IF(OR(C30=0,A30=""),"",SK!T180) -> 54 | I30: =IF(OR(A30="",SK!U180="",SK!U180=0),"",H30/SK!U180) -> 6.75 | J30: =IF(OR(C30=0,A30=""),"",SK!W180) -> 0 | K30: =IF(OR(C30=0,A30=""),"",SK!X180) -> 3 | L30: =IF(OR(C30=0,A30=""),"",SK!Z180) -> 3 | M30: =IF(OR(C30=0,A30=""),"",SK!AB180) -> 2 | N30: =IF(OR(A30="",C30=0),"",SUMPRODUCT(--(Lineups!$AA$4:$AA$41="SP"),--(Lineups!$AC$4:$AC$41=A30))+SUMPRODUCT(--(Lineups!$AA$46:$AA$83="SP"),--(Lineups!$AC$46:$AC$83=A30))) -> 0 | O30: =IF(OR(A30="",C30="",(IF(C30="",0,C30)-IF(N30="",0,N30))=0),"",K30/(C30-N30)) -> 0.375 | P30: =IF(OR(A30="",C30=0),"",SK!Y180) -> 21 | Q30: =IF(OR(A30="",C30=0,K30=0),"",P30/K30) -> 7 | R30: =IF(OR(A30="",F30=0),"",SUM(LU!AJ57,LU!AJ156)) -> 67 | S30: =IF(OR(A30="",F30=0),"",SUM(LU!AJ80,LU!AJ179)) -> 46 | T30: =IF(OR(A30="",F30=0),"",SUM(LU!AJ34,LU!AJ133)) -> 21 | U30: =IF(OR(A30="",C30=0),"",SUM(LU!AH34,LU!AH133)) -> 8 | V30: =IF(OR(A30="",C30=0),"",U30/C30) -> 1 | W30: =IF(OR(A30="",D30=0),"",SUM(LU!W34,LU!W133)) | X30: =IF(OR(A30="",D30=0),"",W30/D30) | Y30: =IF(OR(A30="",E30=0),"",SUM(LU!AC34,LU!AC133)) -> 13 | Z30: =IF(OR(A30="",E30=0),"",Y30/E30) -> 3.25 | AA30: =IF(OR(A30="",AND(D30=0, E30=0)),"",SUM(LU!AE34,LU!AE133)) -> 13 | AB30: =IF(OR(A30="",AND(D30=0, E30=0)),"",AA30/(D30+E30)) -> 3.25 | AC30: =IF(OR(A30="",F30="",F30=0),"",T30/F30) -> 2.1 | AD30: =IF(OR(A30="",F30=0,R$48="-",LU!$W$5=0),"",R30-R$48) -> -29.428571 | AE30: =IF(OR(A30="",F30=0,S$48="-",LU!$W$5=0),"",S30-S$48) -> -2.9285714 | AF30: =IF(OR(A30="",F30=0,AD30=""),"",AD30-AE30) -> -26.5 | AG30: =IF(OR($A30="",C30=0),"",V30-V$48) -> -1.5667989 | AH30: =IF(OR($A30="",D30=0),"",X30-X$48) | AI30: =IF(OR($A30="",E30=0),"",Z30-Z$48) -> 0.25538089 | AJ30: =IF(OR($A30="",AND(D30=0, E30=0)),"",AB30-AB$48) -> 0.29833206 | AK30: =IF(OR($A30="",AC30="",AC$48="-",LU!$W$5=0),"",AC30-AC$48) -> -0.61159312 | AL30: =IF(OR(A30="",F30=0),"",SUM(PT!U60,PT!U61)) -> 3
A31: =IF(ISBLANK(IGRF!$I17),"",IGRF!$I17) -> 3 | B31: =IF(ISBLANK(IGRF!$J17),"",IGRF!$J17) -> Zoom Bayou | C31: =IF(A31="","",SUM(LU!AH12,LU!AH111)) -> 2 | D31: =IF(A31="","",SUM(LU!W12,LU!W111)) -> 20 | E31: =IF(A31="","",SUM(LU!AC12,LU!AC111)) -> 1 | F31: =IF(A31="","",(SUM(C31:E31)-(SUMPRODUCT(--(Lineups!AC$4:AC$41=A31),--(Lineups!AA$4:AA$41="SP"))+SUMPRODUCT(--(Lineups!AG$4:AG$41=A31),--(Lineups!AA$4:AA$41="SP"))+SUMPRODUCT(--(Lineups!AC$46:AC$83=A31),--(Lineups!AA$46:AA$83="SP"))+SUMPRODUCT(--(Lineups!AG$46:AG$83=A31),--(Lineups!AA$46:AA$83="SP"))))) -> 21 | G31: =IF(OR(A31="",F31=0,LU!D$3+LU!D$102=0),"",F31/(LU!D$3+LU!D$102)) -> 0.47727273 | H31: =IF(OR(C31=0,A31=""),"",SK!T183) -> 3 | I31: =IF(OR(A31="",SK!U183="",SK!U183=0),"",H31/SK!U183) -> 1.5 | J31: =IF(OR(C31=0,A31=""),"",SK!W183) -> 0 | K31: =IF(OR(C31=0,A31=""),"",SK!X183) -> 0 | L31: =IF(OR(C31=0,A31=""),"",SK!Z183) -> 0 | M31: =IF(OR(C31=0,A31=""),"",SK!AB183) -> 0 | N31: =IF(OR(A31="",C31=0),"",SUMPRODUCT(--(Lineups!$AA$4:$AA$41="SP"),--(Lineups!$AC$4:$AC$41=A31))+SUMPRODUCT(--(Lineups!$AA$46:$AA$83="SP"),--(Lineups!$AC$46:$AC$83=A31))) -> 2 | O31: =IF(OR(A31="",C31="",(IF(C31="",0,C31)-IF(N31="",0,N31))=0),"",K31/(C31-N31)) | P31: =IF(OR(A31="",C31=0),"",SK!Y183) -> 0 | Q31: =IF(OR(A31="",C31=0,K31=0),"",P31/K31) | R31: =IF(OR(A31="",F31=0),"",SUM(LU!AJ58,LU!AJ157)) -> 95 | S31: =IF(OR(A31="",F31=0),"",SUM(LU!AJ81,LU!AJ180)) -> 71 | T31: =IF(OR(A31="",F31=0),"",SUM(LU!AJ35,LU!AJ134)) -> 24 | U31: =IF(OR(A31="",C31=0),"",SUM(LU!AH35,LU!AH134)) -> 3 | V31: =IF(OR(A31="",C31=0),"",U31/C31) -> 1.5 | W31: =IF(OR(A31="",D31=0),"",SUM(LU!W35,LU!W134)) -> 17 | X31: =IF(OR(A31="",D31=0),"",W31/D31) -> 0.85 | Y31: =IF(OR(A31="",E31=0),"",SUM(LU!AC35,LU!AC134)) -> 4 | Z31: =IF(OR(A31="",E31=0),"",Y31/E31) -> 4 | AA31: =IF(OR(A31="",AND(D31=0, E31=0)),"",SUM(LU!AE35,LU!AE134)) -> 21 | AB31: =IF(OR(A31="",AND(D31=0, E31=0)),"",AA31/(D31+E31)) -> 1 | AC31: =IF(OR(A31="",F31="",F31=0),"",T31/F31) -> 1.1428571 | AD31: =IF(OR(A31="",F31=0,R$48="-",LU!$W$5=0),"",R31-R$48) -> -1.4285714 | AE31: =IF(OR(A31="",F31=0,S$48="-",LU!$W$5=0),"",S31-S$48) -> 22.071429 | AF31: =IF(OR(A31="",F31=0,AD31=""),"",AD31-AE31) -> -23.5 | AG31: =IF(OR($A31="",C31=0),"",V31-V$48) -> -1.0667989 | AH31: =IF(OR($A31="",D31=0),"",X31-X$48) -> -3.6375 | AI31: =IF(OR($A31="",E31=0),"",Z31-Z$48) -> 1.0053809 | AJ31: =IF(OR($A31="",AND(D31=0, E31=0)),"",AB31-AB$48) -> -1.9516679 | AK31: =IF(OR($A31="",AC31="",AC$48="-",LU!$W$5=0),"",AC31-AC$48) -> -1.568736 | AL31: =IF(OR(A31="",F31=0),"",SUM(PT!U62,PT!U63)) -> 2
A32: =IF(ISBLANK(IGRF!$I18),"",IGRF!$I18) -> 303 | B32: =IF(ISBLANK(IGRF!$J18),"",IGRF!$J18) -> Reck 'em Ralph | C32: =IF(A32="","",SUM(LU!AH13,LU!AH112)) -> 0 | D32: =IF(A32="","",SUM(LU!W13,LU!W112)) -> 1 | E32: =IF(A32="","",SUM(LU!AC13,LU!AC112)) -> 20 | F32: =IF(A32="","",(SUM(C32:E32)-(SUMPRODUCT(--(Lineups!AC$4:AC$41=A32),--(Lineups!AA$4:AA$41="SP"))+SUMPRODUCT(--(Lineups!AG$4:AG$41=A32),--(Lineups!AA$4:AA$41="SP"))+SUMPRODUCT(--(Lineups!AC$46:AC$83=A32),--(Lineups!AA$46:AA$83="SP"))+SUMPRODUCT(--(Lineups!AG$46:AG$83=A32),--(Lineups!AA$46:AA$83="SP"))))) -> 21 | G32: =IF(OR(A32="",F32=0,LU!D$3+LU!D$102=0),"",F32/(LU!D$3+LU!D$102)) -> 0.47727273 | H32: =IF(OR(C32=0,A32=""),"",SK!T186) | I32: =IF(OR(A32="",SK!U186="",SK!U186=0),"",H32/SK!U186) | J32: =IF(OR(C32=0,A32=""),"",SK!W186) | K32: =IF(OR(C32=0,A32=""),"",SK!X186) | L32: =IF(OR(C32=0,A32=""),"",SK!Z186) | M32: =IF(OR(C32=0,A32=""),"",SK!AB186) | N32: =IF(OR(A32="",C32=0),"",SUMPRODUCT(--(Lineups!$AA$4:$AA$41="SP"),--(Lineups!$AC$4:$AC$41=A32))+SUMPRODUCT(--(Lineups!$AA$46:$AA$83="SP"),--(Lineups!$AC$46:$AC$83=A32))) | O32: =IF(OR(A32="",C32="",(IF(C32="",0,C32)-IF(N32="",0,N32))=0),"",K32/(C32-N32)) | P32: =IF(OR(A32="",C32=0),"",SK!Y186) | Q32: =IF(OR(A32="",C32=0,K32=0),"",P32/K32) | R32: =IF(OR(A32="",F32=0),"",SUM(LU!AJ59,LU!AJ158)) -> 153 | S32: =IF(OR(A32="",F32=0),"",SUM(LU!AJ82,LU!AJ181)) -> 73 | T32: =IF(OR(A32="",F32=0),"",SUM(LU!AJ36,LU!AJ135)) -> 80 | U32: =IF(OR(A32="",C32=0),"",SUM(LU!AH36,LU!AH135)) | V32: =IF(OR(A32="",C32=0),"",U32/C32) | W32: =IF(OR(A32="",D32=0),"",SUM(LU!W36,LU!W135)) -> 8 | X32: =IF(OR(A32="",D32=0),"",W32/D32) -> 8 | Y32: =IF(OR(A32="",E32=0),"",SUM(LU!AC36,LU!AC135)) -> 72 | Z32: =IF(OR(A32="",E32=0),"",Y32/E32) -> 3.6 | AA32: =IF(OR(A32="",AND(D32=0, E32=0)),"",SUM(LU!AE36,LU!AE135)) -> 80 | AB32: =IF(OR(A32="",AND(D32=0, E32=0)),"",AA32/(D32+E32)) -> 3.8095238 | AC32: =IF(OR(A32="",F32="",F32=0),"",T32/F32) -> 3.8095238 | AD32: =IF(OR(A32="",F32=0,R$48="-",LU!$W$5=0),"",R32-R$48) -> 56.571429 | AE32: =IF(OR(A32="",F32=0,S$48="-",LU!$W$5=0),"",S32-S$48) -> 24.071429 | AF32: =IF(OR(A32="",F32=0,AD32=""),"",AD32-AE32) -> 32.5 | AG32: =IF(OR($A32="",C32=0),"",V32-V$48) | AH32: =IF(OR($A32="",D32=0),"",X32-X$48) -> 3.5125 | AI32: =IF(OR($A32="",E32=0),"",Z32-Z$48) -> 0.60538089 | AJ32: =IF(OR($A32="",AND(D32=0, E32=0)),"",AB32-AB$48) -> 0.85785587 | AK32: =IF(OR($A32="",AC32="",AC$48="-",LU!$W$5=0),"",AC32-AC$48) -> 1.0979307 | AL32: =IF(OR(A32="",F32=0),"",SUM(PT!U64,PT!U65)) -> 2
A33: =IF(ISBLANK(IGRF!$I19),"",IGRF!$I19) -> 4 | B33: =IF(ISBLANK(IGRF!$J19),"",IGRF!$J19) -> Sweet Cyanide | C33: =IF(A33="","",SUM(LU!AH14,LU!AH113)) -> 9 | D33: =IF(A33="","",SUM(LU!W14,LU!W113)) -> 0 | E33: =IF(A33="","",SUM(LU!AC14,LU!AC113)) -> 1 | F33: =IF(A33="","",(SUM(C33:E33)-(SUMPRODUCT(--(Lineups!AC$4:AC$41=A33),--(Lineups!AA$4:AA$41="SP"))+SUMPRODUCT(--(Lineups!AG$4:AG$41=A33),--(Lineups!AA$4:AA$41="SP"))+SUMPRODUCT(--(Lineups!AC$46:AC$83=A33),--(Lineups!AA$46:AA$83="SP"))+SUMPRODUCT(--(Lineups!AG$46:AG$83=A33),--(Lineups!AA$46:AA$83="SP"))))) -> 9 | G33: =IF(OR(A33="",F33=0,LU!D$3+LU!D$102=0),"",F33/(LU!D$3+LU!D$102)) -> 0.20454545 | H33: =IF(OR(C33=0,A33=""),"",SK!T189) -> 34 | I33: =IF(OR(A33="",SK!U189="",SK!U189=0),"",H33/SK!U189) -> 3.7777778 | J33: =IF(OR(C33=0,A33=""),"",SK!W189) -> 0 | K33: =IF(OR(C33=0,A33=""),"",SK!X189) -> 6 | L33: =IF(OR(C33=0,A33=""),"",SK!Z189) -> 6 | M33: =IF(OR(C33=0,A33=""),"",SK!AB189) -> 1 | N33: =IF(OR(A33="",C33=0),"",SUMPRODUCT(--(Lineups!$AA$4:$AA$41="SP"),--(Lineups!$AC$4:$AC$41=A33))+SUMPRODUCT(--(Lineups!$AA$46:$AA$83="SP"),--(Lineups!$AC$46:$AC$83=A33))) -> 0 | O33: =IF(OR(A33="",C33="",(IF(C33="",0,C33)-IF(N33="",0,N33))=0),"",K33/(C33-N33)) -> 0.66666667 | P33: =IF(OR(A33="",C33=0),"",SK!Y189) -> 14 | Q33: =IF(OR(A33="",C33=0,K33=0),"",P33/K33) -> 2.3333333 | R33: =IF(OR(A33="",F33=0),"",SUM(LU!AJ60,LU!AJ159)) -> 40 | S33: =IF(OR(A33="",F33=0),"",SUM(LU!AJ83,LU!AJ182)) -> 29 | T33: =IF(OR(A33="",F33=0),"",SUM(LU!AJ37,LU!AJ136)) -> 11 | U33: =IF(OR(A33="",C33=0),"",SUM(LU!AH37,LU!AH136)) -> 5 | V33: =IF(OR(A33="",C33=0),"",U33/C33) -> 0.55555556 | W33: =IF(OR(A33="",D33=0),"",SUM(LU!W37,LU!W136)) | X33: =IF(OR(A33="",D33=0),"",W33/D33) | Y33: =IF(OR(A33="",E33=0),"",SUM(LU!AC37,LU!AC136)) -> 6 | Z33: =IF(OR(A33="",E33=0),"",Y33/E33) -> 6 | AA33: =IF(OR(A33="",AND(D33=0, E33=0)),"",SUM(LU!AE37,LU!AE136)) -> 6 | AB33: =IF(OR(A33="",AND(D33=0, E33=0)),"",AA33/(D33+E33)) -> 6 | AC33: =IF(OR(A33="",F33="",F33=0),"",T33/F33) -> 1.2222222 | AD33: =IF(OR(A33="",F33=0,R$48="-",LU!$W$5=0),"",R33-R$48) -> -56.428571 | AE33: =IF(OR(A33="",F33=0,S$48="-",LU!$W$5=0),"",S33-S$48) -> -19.928571 | AF33: =IF(OR(A33="",F33=0,AD33=""),"",AD33-AE33) -> -36.5 | AG33: =IF(OR($A33="",C33=0),"",V33-V$48) -> -2.0112434 | AH33: =IF(OR($A33="",D33=0),"",X33-X$48) | AI33: =IF(OR($A33="",E33=0),"",Z33-Z$48) -> 3.0053809 | AJ33: =IF(OR($A33="",AND(D33=0, E33=0)),"",AB33-AB$48) -> 3.0483321 | AK33: =IF(OR($A33="",AC33="",AC$48="-",LU!$W$5=0),"",AC33-AC$48) -> -1.4893709 | AL33: =IF(OR(A33="",F33=0),"",SUM(PT!U66,PT!U67)) -> 0
A34: =IF(ISBLANK(IGRF!$I20),"",IGRF!$I20) -> 406 | B34: =IF(ISBLANK(IGRF!$J20),"",IGRF!$J20) -> Ruth Slayed-Her Ginsburg | C34: =IF(A34="","",SUM(LU!AH15,LU!AH114)) -> 0 | D34: =IF(A34="","",SUM(LU!W15,LU!W114)) -> 0 | E34: =IF(A34="","",SUM(LU!AC15,LU!AC114)) -> 4 | F34: =IF(A34="","",(SUM(C34:E34)-(SUMPRODUCT(--(Lineups!AC$4:AC$41=A34),--(Lineups!AA$4:AA$41="SP"))+SUMPRODUCT(--(Lineups!AG$4:AG$41=A34),--(Lineups!AA$4:AA$41="SP"))+SUMPRODUCT(--(Lineups!AC$46:AC$83=A34),--(Lineups!AA$46:AA$83="SP"))+SUMPRODUCT(--(Lineups!AG$46:AG$83=A34),--(Lineups!AA$46:AA$83="SP"))))) -> 4 | G34: =IF(OR(A34="",F34=0,LU!D$3+LU!D$102=0),"",F34/(LU!D$3+LU!D$102)) -> 0.090909091 | H34: =IF(OR(C34=0,A34=""),"",SK!T192) | I34: =IF(OR(A34="",SK!U192="",SK!U192=0),"",H34/SK!U192) | J34: =IF(OR(C34=0,A34=""),"",SK!W192) | K34: =IF(OR(C34=0,A34=""),"",SK!X192) | L34: =IF(OR(C34=0,A34=""),"",SK!Z192) | M34: =IF(OR(C34=0,A34=""),"",SK!AB192) | N34: =IF(OR(A34="",C34=0),"",SUMPRODUCT(--(Lineups!$AA$4:$AA$41="SP"),--(Lineups!$AC$4:$AC$41=A34))+SUMPRODUCT(--(Lineups!$AA$46:$AA$83="SP"),--(Lineups!$AC$46:$AC$83=A34))) | O34: =IF(OR(A34="",C34="",(IF(C34="",0,C34)-IF(N34="",0,N34))=0),"",K34/(C34-N34)) | P34: =IF(OR(A34="",C34=0),"",SK!Y192) | Q34: =IF(OR(A34="",C34=0,K34=0),"",P34/K34) | R34: =IF(OR(A34="",F34=0),"",SUM(LU!AJ61,LU!AJ160)) -> 11 | S34: =IF(OR(A34="",F34=0),"",SUM(LU!AJ84,LU!AJ183)) -> 14 | T34: =IF(OR(A34="",F34=0),"",SUM(LU!AJ38,LU!AJ137)) -> -3 | U34: =IF(OR(A34="",C34=0),"",SUM(LU!AH38,LU!AH137)) | V34: =IF(OR(A34="",C34=0),"",U34/C34) | W34: =IF(OR(A34="",D34=0),"",SUM(LU!W38,LU!W137)) | X34: =IF(OR(A34="",D34=0),"",W34/D34) | Y34: =IF(OR(A34="",E34=0),"",SUM(LU!AC38,LU!AC137)) -> -3 | Z34: =IF(OR(A34="",E34=0),"",Y34/E34) -> -0.75 | AA34: =IF(OR(A34="",AND(D34=0, E34=0)),"",SUM(LU!AE38,LU!AE137)) -> -3 | AB34: =IF(OR(A34="",AND(D34=0, E34=0)),"",AA34/(D34+E34)) -> -0.75 | AC34: =IF(OR(A34="",F34="",F34=0),"",T34/F34) -> -0.75 | AD34: =IF(OR(A34="",F34=0,R$48="-",LU!$W$5=0),"",R34-R$48) -> -85.428571 | AE34: =IF(OR(A34="",F34=0,S$48="-",LU!$W$5=0),"",S34-S$48) -> -34.928571 | AF34: =IF(OR(A34="",F34=0,AD34=""),"",AD34-AE34) -> -50.5 | AG34: =IF(OR($A34="",C34=0),"",V34-V$48) | AH34: =IF(OR($A34="",D34=0),"",X34-X$48) | AI34: =IF(OR($A34="",E34=0),"",Z34-Z$48) -> -3.7446191 | AJ34: =IF(OR($A34="",AND(D34=0, E34=0)),"",AB34-AB$48) -> -3.7016679 | AK34: =IF(OR($A34="",AC34="",AC$48="-",LU!$W$5=0),"",AC34-AC$48) -> -3.4615931 | AL34: =IF(OR(A34="",F34=0),"",SUM(PT!U68,PT!U69)) -> 0
A35: =IF(ISBLANK(IGRF!$I21),"",IGRF!$I21) -> 555 | B35: =IF(ISBLANK(IGRF!$J21),"",IGRF!$J21) -> Mortal Wombat | C35: =IF(A35="","",SUM(LU!AH16,LU!AH115)) -> 0 | D35: =IF(A35="","",SUM(LU!W16,LU!W115)) -> 0 | E35: =IF(A35="","",SUM(LU!AC16,LU!AC115)) -> 10 | F35: =IF(A35="","",(SUM(C35:E35)-(SUMPRODUCT(--(Lineups!AC$4:AC$41=A35),--(Lineups!AA$4:AA$41="SP"))+SUMPRODUCT(--(Lineups!AG$4:AG$41=A35),--(Lineups!AA$4:AA$41="SP"))+SUMPRODUCT(--(Lineups!AC$46:AC$83=A35),--(Lineups!AA$46:AA$83="SP"))+SUMPRODUCT(--(Lineups!AG$46:AG$83=A35),--(Lineups!AA$46:AA$83="SP"))))) -> 10 | G35: =IF(OR(A35="",F35=0,LU!D$3+LU!D$102=0),"",F35/(LU!D$3+LU!D$102)) -> 0.22727273 | H35: =IF(OR(C35=0,A35=""),"",SK!T195) | I35: =IF(OR(A35="",SK!U195="",SK!U195=0),"",H35/SK!U195) | J35: =IF(OR(C35=0,A35=""),"",SK!W195) | K35: =IF(OR(C35=0,A35=""),"",SK!X195) | L35: =IF(OR(C35=0,A35=""),"",SK!Z195) | M35: =IF(OR(C35=0,A35=""),"",SK!AB195) | N35: =IF(OR(A35="",C35=0),"",SUMPRODUCT(--(Lineups!$AA$4:$AA$41="SP"),--(Lineups!$AC$4:$AC$41=A35))+SUMPRODUCT(--(Lineups!$AA$46:$AA$83="SP"),--(Lineups!$AC$46:$AC$83=A35))) | O35: =IF(OR(A35="",C35="",(IF(C35="",0,C35)-IF(N35="",0,N35))=0),"",K35/(C35-N35)) | P35: =IF(OR(A35="",C35=0),"",SK!Y195) | Q35: =IF(OR(A35="",C35=0,K35=0),"",P35/K35) | R35: =IF(OR(A35="",F35=0),"",SUM(LU!AJ62,LU!AJ161)) -> 73 | S35: =IF(OR(A35="",F35=0),"",SUM(LU!AJ85,LU!AJ184)) -> 51 | T35: =IF(OR(A35="",F35=0),"",SUM(LU!AJ39,LU!AJ138)) -> 22 | U35: =IF(OR(A35="",C35=0),"",SUM(LU!AH39,LU!AH138)) | V35: =IF(OR(A35="",C35=0),"",U35/C35) | W35: =IF(OR(A35="",D35=0),"",SUM(LU!W39,LU!W138)) | X35: =IF(OR(A35="",D35=0),"",W35/D35) | Y35: =IF(OR(A35="",E35=0),"",SUM(LU!AC39,LU!AC138)) -> 22 | Z35: =IF(OR(A35="",E35=0),"",Y35/E35) -> 2.2 | AA35: =IF(OR(A35="",AND(D35=0, E35=0)),"",SUM(LU!AE39,LU!AE138)) -> 22 | AB35: =IF(OR(A35="",AND(D35=0, E35=0)),"",AA35/(D35+E35)) -> 2.2 | AC35: =IF(OR(A35="",F35="",F35=0),"",T35/F35) -> 2.2 | AD35: =IF(OR(A35="",F35=0,R$48="-",LU!$W$5=0),"",R35-R$48) -> -23.428571 | AE35: =IF(OR(A35="",F35=0,S$48="-",LU!$W$5=0),"",S35-S$48) -> 2.0714286 | AF35: =IF(OR(A35="",F35=0,AD35=""),"",AD35-AE35) -> -25.5 | AG35: =IF(OR($A35="",C35=0),"",V35-V$48) | AH35: =IF(OR($A35="",D35=0),"",X35-X$48) | AI35: =IF(OR($A35="",E35=0),"",Z35-Z$48) -> -0.79461911 | AJ35: =IF(OR($A35="",AND(D35=0, E35=0)),"",AB35-AB$48) -> -0.75166794 | AK35: =IF(OR($A35="",AC35="",AC$48="-",LU!$W$5=0),"",AC35-AC$48) -> -0.51159312 | AL35: =IF(OR(A35="",F35=0),"",SUM(PT!U70,PT!U71)) -> 1
A36: =IF(ISBLANK(IGRF!$I22),"",IGRF!$I22) -> 71 | B36: =IF(ISBLANK(IGRF!$J22),"",IGRF!$J22) -> TchaiKILLsky | C36: =IF(A36="","",SUM(LU!AH17,LU!AH116)) -> 0 | D36: =IF(A36="","",SUM(LU!W17,LU!W116)) -> 0 | E36: =IF(A36="","",SUM(LU!AC17,LU!AC116)) -> 21 | F36: =IF(A36="","",(SUM(C36:E36)-(SUMPRODUCT(--(Lineups!AC$4:AC$41=A36),--(Lineups!AA$4:AA$41="SP"))+SUMPRODUCT(--(Lineups!AG$4:AG$41=A36),--(Lineups!AA$4:AA$41="SP"))+SUMPRODUCT(--(Lineups!AC$46:AC$83=A36),--(Lineups!AA$46:AA$83="SP"))+SUMPRODUCT(--(Lineups!AG$46:AG$83=A36),--(Lineups!AA$46:AA$83="SP"))))) -> 21 | G36: =IF(OR(A36="",F36=0,LU!D$3+LU!D$102=0),"",F36/(LU!D$3+LU!D$102)) -> 0.47727273 | H36: =IF(OR(C36=0,A36=""),"",SK!T198) | I36: =IF(OR(A36="",SK!U198="",SK!U198=0),"",H36/SK!U198) | J36: =IF(OR(C36=0,A36=""),"",SK!W198) | K36: =IF(OR(C36=0,A36=""),"",SK!X198) | L36: =IF(OR(C36=0,A36=""),"",SK!Z198) | M36: =IF(OR(C36=0,A36=""),"",SK!AB198) | N36: =IF(OR(A36="",C36=0),"",SUMPRODUCT(--(Lineups!$AA$4:$AA$41="SP"),--(Lineups!$AC$4:$AC$41=A36))+SUMPRODUCT(--(Lineups!$AA$46:$AA$83="SP"),--(Lineups!$AC$46:$AC$83=A36))) | O36: =IF(OR(A36="",C36="",(IF(C36="",0,C36)-IF(N36="",0,N36))=0),"",K36/(C36-N36)) | P36: =IF(OR(A36="",C36=0),"",SK!Y198) | Q36: =IF(OR(A36="",C36=0,K36=0),"",P36/K36) | R36: =IF(OR(A36="",F36=0),"",SUM(LU!AJ63,LU!AJ162)) -> 107 | S36: =IF(OR(A36="",F36=0),"",SUM(LU!AJ86,LU!AJ185)) -> 68 | T36: =IF(OR(A36="",F36=0),"",SUM(LU!AJ40,LU!AJ139)) -> 39 | U36: =IF(OR(A36="",C36=0),"",SUM(LU!AH40,LU!AH139)) | V36: =IF(OR(A36="",C36=0),"",U36/C36) | W36: =IF(OR(A36="",D36=0),"",SUM(LU!W40,LU!W139)) | X36: =IF(OR(A36="",D36=0),"",W36/D36) | Y36: =IF(OR(A36="",E36=0),"",SUM(LU!AC40,LU!AC139)) -> 39 | Z36: =IF(OR(A36="",E36=0),"",Y36/E36) -> 1.8571429 | AA36: =IF(OR(A36="",AND(D36=0, E36=0)),"",SUM(LU!AE40,LU!AE139)) -> 39 | AB36: =IF(OR(A36="",AND(D36=0, E36=0)),"",AA36/(D36+E36)) -> 1.8571429 | AC36: =IF(OR(A36="",F36="",F36=0),"",T36/F36) -> 1.8571429 | AD36: =IF(OR(A36="",F36=0,R$48="-",LU!$W$5=0),"",R36-R$48) -> 10.571429 | AE36: =IF(OR(A36="",F36=0,S$48="-",LU!$W$5=0),"",S36-S$48) -> 19.071429 | AF36: =IF(OR(A36="",F36=0,AD36=""),"",AD36-AE36) -> -8.5 | AG36: =IF(OR($A36="",C36=0),"",V36-V$48) | AH36: =IF(OR($A36="",D36=0),"",X36-X$48) | AI36: =IF(OR($A36="",E36=0),"",Z36-Z$48) -> -1.1374762 | AJ36: =IF(OR($A36="",AND(D36=0, E36=0)),"",AB36-AB$48) -> -1.0945251 | AK36: =IF(OR($A36="",AC36="",AC$48="-",LU!$W$5=0),"",AC36-AC$48) -> -0.85445026 | AL36: =IF(OR(A36="",F36=0),"",SUM(PT!U72,PT!U73)) -> 0
A37: =IF(ISBLANK(IGRF!$I23),"",IGRF!$I23) -> 716 | B37: =IF(ISBLANK(IGRF!$J23),"",IGRF!$J23) -> Slim S’Kaity | C37: =IF(A37="","",SUM(LU!AH18,LU!AH117)) -> 3 | D37: =IF(A37="","",SUM(LU!W18,LU!W117)) -> 15 | E37: =IF(A37="","",SUM(LU!AC18,LU!AC117)) -> 6 | F37: =IF(A37="","",(SUM(C37:E37)-(SUMPRODUCT(--(Lineups!AC$4:AC$41=A37),--(Lineups!AA$4:AA$41="SP"))+SUMPRODUCT(--(Lineups!AG$4:AG$41=A37),--(Lineups!AA$4:AA$41="SP"))+SUMPRODUCT(--(Lineups!AC$46:AC$83=A37),--(Lineups!AA$46:AA$83="SP"))+SUMPRODUCT(--(Lineups!AG$46:AG$83=A37),--(Lineups!AA$46:AA$83="SP"))))) -> 22 | G37: =IF(OR(A37="",F37=0,LU!D$3+LU!D$102=0),"",F37/(LU!D$3+LU!D$102)) -> 0.5 | H37: =IF(OR(C37=0,A37=""),"",SK!T201) -> 14 | I37: =IF(OR(A37="",SK!U201="",SK!U201=0),"",H37/SK!U201) -> 4.6666667 | J37: =IF(OR(C37=0,A37=""),"",SK!W201) -> 0 | K37: =IF(OR(C37=0,A37=""),"",SK!X201) -> 0 | L37: =IF(OR(C37=0,A37=""),"",SK!Z201) -> 0 | M37: =IF(OR(C37=0,A37=""),"",SK!AB201) -> 0 | N37: =IF(OR(A37="",C37=0),"",SUMPRODUCT(--(Lineups!$AA$4:$AA$41="SP"),--(Lineups!$AC$4:$AC$41=A37))+SUMPRODUCT(--(Lineups!$AA$46:$AA$83="SP"),--(Lineups!$AC$46:$AC$83=A37))) -> 2 | O37: =IF(OR(A37="",C37="",(IF(C37="",0,C37)-IF(N37="",0,N37))=0),"",K37/(C37-N37)) -> 0 | P37: =IF(OR(A37="",C37=0),"",SK!Y201) -> 0 | Q37: =IF(OR(A37="",C37=0,K37=0),"",P37/K37) | R37: =IF(OR(A37="",F37=0),"",SUM(LU!AJ64,LU!AJ163)) -> 141 | S37: =IF(OR(A37="",F37=0),"",SUM(LU!AJ87,LU!AJ186)) -> 56 | T37: =IF(OR(A37="",F37=0),"",SUM(LU!AJ41,LU!AJ140)) -> 85 | U37: =IF(OR(A37="",C37=0),"",SUM(LU!AH41,LU!AH140)) -> 14 | V37: =IF(OR(A37="",C37=0),"",U37/C37) -> 4.6666667 | W37: =IF(OR(A37="",D37=0),"",SUM(LU!W41,LU!W140)) -> 54 | X37: =IF(OR(A37="",D37=0),"",W37/D37) -> 3.6 | Y37: =IF(OR(A37="",E37=0),"",SUM(LU!AC41,LU!AC140)) -> 17 | Z37: =IF(OR(A37="",E37=0),"",Y37/E37) -> 2.8333333 | AA37: =IF(OR(A37="",AND(D37=0, E37=0)),"",SUM(LU!AE41,LU!AE140)) -> 71 | AB37: =IF(OR(A37="",AND(D37=0, E37=0)),"",AA37/(D37+E37)) -> 3.3809524 | AC37: =IF(OR(A37="",F37="",F37=0),"",T37/F37) -> 3.8636364 | AD37: =IF(OR(A37="",F37=0,R$48="-",LU!$W$5=0),"",R37-R$48) -> 44.571429 | AE37: =IF(OR(A37="",F37=0,S$48="-",LU!$W$5=0),"",S37-S$48) -> 7.0714286 | AF37: =IF(OR(A37="",F37=0,AD37=""),"",AD37-AE37) -> 37.5 | AG37: =IF(OR($A37="",C37=0),"",V37-V$48) -> 2.0998677 | AH37: =IF(OR($A37="",D37=0),"",X37-X$48) -> -0.8875 | AI37: =IF(OR($A37="",E37=0),"",Z37-Z$48) -> -0.16128577 | AJ37: =IF(OR($A37="",AND(D37=0, E37=0)),"",AB37-AB$48) -> 0.42928444 | AK37: =IF(OR($A37="",AC37="",AC$48="-",LU!$W$5=0),"",AC37-AC$48) -> 1.1520432 | AL37: =IF(OR(A37="",F37=0),"",SUM(PT!U74,PT!U75)) -> 3
A38: =IF(ISBLANK(IGRF!$I24),"",IGRF!$I24) -> 76 | B38: =IF(ISBLANK(IGRF!$J24),"",IGRF!$J24) -> Fiona Grapple | C38: =IF(A38="","",SUM(LU!AH19,LU!AH118)) -> 12 | D38: =IF(A38="","",SUM(LU!W19,LU!W118)) -> 0 | E38: =IF(A38="","",SUM(LU!AC19,LU!AC118)) -> 0 | F38: =IF(A38="","",(SUM(C38:E38)-(SUMPRODUCT(--(Lineups!AC$4:AC$41=A38),--(Lineups!AA$4:AA$41="SP"))+SUMPRODUCT(--(Lineups!AG$4:AG$41=A38),--(Lineups!AA$4:AA$41="SP"))+SUMPRODUCT(--(Lineups!AC$46:AC$83=A38),--(Lineups!AA$46:AA$83="SP"))+SUMPRODUCT(--(Lineups!AG$46:AG$83=A38),--(Lineups!AA$46:AA$83="SP"))))) -> 12 | G38: =IF(OR(A38="",F38=0,LU!D$3+LU!D$102=0),"",F38/(LU!D$3+LU!D$102)) -> 0.27272727 | H38: =IF(OR(C38=0,A38=""),"",SK!T204) -> 56 | I38: =IF(OR(A38="",SK!U204="",SK!U204=0),"",H38/SK!U204) -> 4.6666667 | J38: =IF(OR(C38=0,A38=""),"",SK!W204) -> 0 | K38: =IF(OR(C38=0,A38=""),"",SK!X204) -> 9 | L38: =IF(OR(C38=0,A38=""),"",SK!Z204) -> 9 | M38: =IF(OR(C38=0,A38=""),"",SK!AB204) -> 0 | N38: =IF(OR(A38="",C38=0),"",SUMPRODUCT(--(Lineups!$AA$4:$AA$41="SP"),--(Lineups!$AC$4:$AC$41=A38))+SUMPRODUCT(--(Lineups!$AA$46:$AA$83="SP"),--(Lineups!$AC$46:$AC$83=A38))) -> 0 | O38: =IF(OR(A38="",C38="",(IF(C38="",0,C38)-IF(N38="",0,N38))=0),"",K38/(C38-N38)) -> 0.75 | P38: =IF(OR(A38="",C38=0),"",SK!Y204) -> 46 | Q38: =IF(OR(A38="",C38=0,K38=0),"",P38/K38) -> 5.1111111 | R38: =IF(OR(A38="",F38=0),"",SUM(LU!AJ65,LU!AJ164)) -> 56 | S38: =IF(OR(A38="",F38=0),"",SUM(LU!AJ88,LU!AJ187)) -> 29 | T38: =IF(OR(A38="",F38=0),"",SUM(LU!AJ42,LU!AJ141)) -> 27 | U38: =IF(OR(A38="",C38=0),"",SUM(LU!AH42,LU!AH141)) -> 27 | V38: =IF(OR(A38="",C38=0),"",U38/C38) -> 2.25 | W38: =IF(OR(A38="",D38=0),"",SUM(LU!W42,LU!W141)) | X38: =IF(OR(A38="",D38=0),"",W38/D38) | Y38: =IF(OR(A38="",E38=0),"",SUM(LU!AC42,LU!AC141)) | Z38: =IF(OR(A38="",E38=0),"",Y38/E38) | AA38: =IF(OR(A38="",AND(D38=0, E38=0)),"",SUM(LU!AE42,LU!AE141)) | AB38: =IF(OR(A38="",AND(D38=0, E38=0)),"",AA38/(D38+E38)) | AC38: =IF(OR(A38="",F38="",F38=0),"",T38/F38) -> 2.25 | AD38: =IF(OR(A38="",F38=0,R$48="-",LU!$W$5=0),"",R38-R$48) -> -40.428571 | AE38: =IF(OR(A38="",F38=0,S$48="-",LU!$W$5=0),"",S38-S$48) -> -19.928571 | AF38: =IF(OR(A38="",F38=0,AD38=""),"",AD38-AE38) -> -20.5 | AG38: =IF(OR($A38="",C38=0),"",V38-V$48) -> -0.31679894 | AH38: =IF(OR($A38="",D38=0),"",X38-X$48) | AI38: =IF(OR($A38="",E38=0),"",Z38-Z$48) | AJ38: =IF(OR($A38="",AND(D38=0, E38=0)),"",AB38-AB$48) | AK38: =IF(OR($A38="",AC38="",AC$48="-",LU!$W$5=0),"",AC38-AC$48) -> -0.46159312 | AL38: =IF(OR(A38="",F38=0),"",SUM(PT!U76,PT!U77)) -> 1
A39: =IF(ISBLANK(IGRF!$I25),"",IGRF!$I25) -> 91 | B39: =IF(ISBLANK(IGRF!$J25),"",IGRF!$J25) -> Poh Teigh Toh | C39: =IF(A39="","",SUM(LU!AH20,LU!AH119)) -> 0 | D39: =IF(A39="","",SUM(LU!W20,LU!W119)) -> 0 | E39: =IF(A39="","",SUM(LU!AC20,LU!AC119)) -> 22 | F39: =IF(A39="","",(SUM(C39:E39)-(SUMPRODUCT(--(Lineups!AC$4:AC$41=A39),--(Lineups!AA$4:AA$41="SP"))+SUMPRODUCT(--(Lineups!AG$4:AG$41=A39),--(Lineups!AA$4:AA$41="SP"))+SUMPRODUCT(--(Lineups!AC$46:AC$83=A39),--(Lineups!AA$46:AA$83="SP"))+SUMPRODUCT(--(Lineups!AG$46:AG$83=A39),--(Lineups!AA$46:AA$83="SP"))))) -> 22 | G39: =IF(OR(A39="",F39=0,LU!D$3+LU!D$102=0),"",F39/(LU!D$3+LU!D$102)) -> 0.5 | H39: =IF(OR(C39=0,A39=""),"",SK!T207) | I39: =IF(OR(A39="",SK!U207="",SK!U207=0),"",H39/SK!U207) | J39: =IF(OR(C39=0,A39=""),"",SK!W207) | K39: =IF(OR(C39=0,A39=""),"",SK!X207) | L39: =IF(OR(C39=0,A39=""),"",SK!Z207) | M39: =IF(OR(C39=0,A39=""),"",SK!AB207) | N39: =IF(OR(A39="",C39=0),"",SUMPRODUCT(--(Lineups!$AA$4:$AA$41="SP"),--(Lineups!$AC$4:$AC$41=A39))+SUMPRODUCT(--(Lineups!$AA$46:$AA$83="SP"),--(Lineups!$AC$46:$AC$83=A39))) | O39: =IF(OR(A39="",C39="",(IF(C39="",0,C39)-IF(N39="",0,N39))=0),"",K39/(C39-N39)) | P39: =IF(OR(A39="",C39=0),"",SK!Y207) | Q39: =IF(OR(A39="",C39=0,K39=0),"",P39/K39) | R39: =IF(OR(A39="",F39=0),"",SUM(LU!AJ66,LU!AJ165)) -> 132 | S39: =IF(OR(A39="",F39=0),"",SUM(LU!AJ89,LU!AJ188)) -> 48 | T39: =IF(OR(A39="",F39=0),"",SUM(LU!AJ43,LU!AJ142)) -> 84 | U39: =IF(OR(A39="",C39=0),"",SUM(LU!AH43,LU!AH142)) | V39: =IF(OR(A39="",C39=0),"",U39/C39) | W39: =IF(OR(A39="",D39=0),"",SUM(LU!W43,LU!W142)) | X39: =IF(OR(A39="",D39=0),"",W39/D39) | Y39: =IF(OR(A39="",E39=0),"",SUM(LU!AC43,LU!AC142)) -> 84 | Z39: =IF(OR(A39="",E39=0),"",Y39/E39) -> 3.8181818 | AA39: =IF(OR(A39="",AND(D39=0, E39=0)),"",SUM(LU!AE43,LU!AE142)) -> 84 | AB39: =IF(OR(A39="",AND(D39=0, E39=0)),"",AA39/(D39+E39)) -> 3.8181818 | AC39: =IF(OR(A39="",F39="",F39=0),"",T39/F39) -> 3.8181818 | AD39: =IF(OR(A39="",F39=0,R$48="-",LU!$W$5=0),"",R39-R$48) -> 35.571429 | AE39: =IF(OR(A39="",F39=0,S$48="-",LU!$W$5=0),"",S39-S$48) -> -0.92857143 | AF39: =IF(OR(A39="",F39=0,AD39=""),"",AD39-AE39) -> 36.5 | AG39: =IF(OR($A39="",C39=0),"",V39-V$48) | AH39: =IF(OR($A39="",D39=0),"",X39-X$48) | AI39: =IF(OR($A39="",E39=0),"",Z39-Z$48) -> 0.82356271 | AJ39: =IF(OR($A39="",AND(D39=0, E39=0)),"",AB39-AB$48) -> 0.86651388 | AK39: =IF(OR($A39="",AC39="",AC$48="-",LU!$W$5=0),"",AC39-AC$48) -> 1.1065887 | AL39: =IF(OR(A39="",F39=0),"",SUM(PT!U78,PT!U79)) -> 2
A40: =IF(ISBLANK(IGRF!$I26),"",IGRF!$I26) -> 96 | B40: =IF(ISBLANK(IGRF!$J26),"",IGRF!$J26) -> Audubondage | C40: =IF(A40="","",SUM(LU!AH21,LU!AH120)) -> 0 | D40: =IF(A40="","",SUM(LU!W21,LU!W120)) -> 0 | E40: =IF(A40="","",SUM(LU!AC21,LU!AC120)) -> 17 | F40: =IF(A40="","",(SUM(C40:E40)-(SUMPRODUCT(--(Lineups!AC$4:AC$41=A40),--(Lineups!AA$4:AA$41="SP"))+SUMPRODUCT(--(Lineups!AG$4:AG$41=A40),--(Lineups!AA$4:AA$41="SP"))+SUMPRODUCT(--(Lineups!AC$46:AC$83=A40),--(Lineups!AA$46:AA$83="SP"))+SUMPRODUCT(--(Lineups!AG$46:AG$83=A40),--(Lineups!AA$46:AA$83="SP"))))) -> 17 | G40: =IF(OR(A40="",F40=0,LU!D$3+LU!D$102=0),"",F40/(LU!D$3+LU!D$102)) -> 0.38636364 | H40: =IF(OR(C40=0,A40=""),"",SK!T210) | I40: =IF(OR(A40="",SK!U210="",SK!U210=0),"",H40/SK!U210) | J40: =IF(OR(C40=0,A40=""),"",SK!W210) | K40: =IF(OR(C40=0,A40=""),"",SK!X210) | L40: =IF(OR(C40=0,A40=""),"",SK!Z210) | M40: =IF(OR(C40=0,A40=""),"",SK!AB210) | N40: =IF(OR(A40="",C40=0),"",SUMPRODUCT(--(Lineups!$AA$4:$AA$41="SP"),--(Lineups!$AC$4:$AC$41=A40))+SUMPRODUCT(--(Lineups!$AA$46:$AA$83="SP"),--(Lineups!$AC$46:$AC$83=A40))) | O40: =IF(OR(A40="",C40="",(IF(C40="",0,C40)-IF(N40="",0,N40))=0),"",K40/(C40-N40)) | P40: =IF(OR(A40="",C40=0),"",SK!Y210) | Q40: =IF(OR(A40="",C40=0,K40=0),"",P40/K40) | R40: =IF(OR(A40="",F40=0),"",SUM(LU!AJ67,LU!AJ166)) -> 113 | S40: =IF(OR(A40="",F40=0),"",SUM(LU!AJ90,LU!AJ189)) -> 40 | T40: =IF(OR(A40="",F40=0),"",SUM(LU!AJ44,LU!AJ143)) -> 73 | U40: =IF(OR(A40="",C40=0),"",SUM(LU!AH44,LU!AH143)) | V40: =IF(OR(A40="",C40=0),"",U40/C40) | W40: =IF(OR(A40="",D40=0),"",SUM(LU!W44,LU!W143)) | X40: =IF(OR(A40="",D40=0),"",W40/D40) | Y40: =IF(OR(A40="",E40=0),"",SUM(LU!AC44,LU!AC143)) -> 73 | Z40: =IF(OR(A40="",E40=0),"",Y40/E40) -> 4.2941176 | AA40: =IF(OR(A40="",AND(D40=0, E40=0)),"",SUM(LU!AE44,LU!AE143)) -> 73 | AB40: =IF(OR(A40="",AND(D40=0, E40=0)),"",AA40/(D40+E40)) -> 4.2941176 | AC40: =IF(OR(A40="",F40="",F40=0),"",T40/F40) -> 4.2941176 | AD40: =IF(OR(A40="",F40=0,R$48="-",LU!$W$5=0),"",R40-R$48) -> 16.571429 | AE40: =IF(OR(A40="",F40=0,S$48="-",LU!$W$5=0),"",S40-S$48) -> -8.9285714 | AF40: =IF(OR(A40="",F40=0,AD40=""),"",AD40-AE40) -> 25.5 | AG40: =IF(OR($A40="",C40=0),"",V40-V$48) | AH40: =IF(OR($A40="",D40=0),"",X40-X$48) | AI40: =IF(OR($A40="",E40=0),"",Z40-Z$48) -> 1.2994985 | AJ40: =IF(OR($A40="",AND(D40=0, E40=0)),"",AB40-AB$48) -> 1.3424497 | AK40: =IF(OR($A40="",AC40="",AC$48="-",LU!$W$5=0),"",AC40-AC$48) -> 1.5825245 | AL40: =IF(OR(A40="",F40=0),"",SUM(PT!U80,PT!U81)) -> 0
A41: =IF(ISBLANK(IGRF!$I27),"",IGRF!$I27) -> 9707 | B41: =IF(ISBLANK(IGRF!$J27),"",IGRF!$J27) -> BATass | C41: =IF(A41="","",SUM(LU!AH22,LU!AH121)) -> 0 | D41: =IF(A41="","",SUM(LU!W22,LU!W121)) -> 0 | E41: =IF(A41="","",SUM(LU!AC22,LU!AC121)) -> 0 | F41: =IF(A41="","",(SUM(C41:E41)-(SUMPRODUCT(--(Lineups!AC$4:AC$41=A41),--(Lineups!AA$4:AA$41="SP"))+SUMPRODUCT(--(Lineups!AG$4:AG$41=A41),--(Lineups!AA$4:AA$41="SP"))+SUMPRODUCT(--(Lineups!AC$46:AC$83=A41),--(Lineups!AA$46:AA$83="SP"))+SUMPRODUCT(--(Lineups!AG$46:AG$83=A41),--(Lineups!AA$46:AA$83="SP"))))) -> 0 | G41: =IF(OR(A41="",F41=0,LU!D$3+LU!D$102=0),"",F41/(LU!D$3+LU!D$102)) | H41: =IF(OR(C41=0,A41=""),"",SK!T213) | I41: =IF(OR(A41="",SK!U213="",SK!U213=0),"",H41/SK!U213) | J41: =IF(OR(C41=0,A41=""),"",SK!W213) | K41: =IF(OR(C41=0,A41=""),"",SK!X213) | L41: =IF(OR(C41=0,A41=""),"",SK!Z213) | M41: =IF(OR(C41=0,A41=""),"",SK!AB213) | N41: =IF(OR(A41="",C41=0),"",SUMPRODUCT(--(Lineups!$AA$4:$AA$41="SP"),--(Lineups!$AC$4:$AC$41=A41))+SUMPRODUCT(--(Lineups!$AA$46:$AA$83="SP"),--(Lineups!$AC$46:$AC$83=A41))) | O41: =IF(OR(A41="",C41="",(IF(C41="",0,C41)-IF(N41="",0,N41))=0),"",K41/(C41-N41)) | P41: =IF(OR(A41="",C41=0),"",SK!Y213) | Q41: =IF(OR(A41="",C41=0,K41=0),"",P41/K41) | R41: =IF(OR(A41="",F41=0),"",SUM(LU!AJ68,LU!AJ167)) | S41: =IF(OR(A41="",F41=0),"",SUM(LU!AJ91,LU!AJ190)) | T41: =IF(OR(A41="",F41=0),"",SUM(LU!AJ45,LU!AJ144)) | U41: =IF(OR(A41="",C41=0),"",SUM(LU!AH45,LU!AH144)) | V41: =IF(OR(A41="",C41=0),"",U41/C41) | W41: =IF(OR(A41="",D41=0),"",SUM(LU!W45,LU!W144)) | X41: =IF(OR(A41="",D41=0),"",W41/D41) | Y41: =IF(OR(A41="",E41=0),"",SUM(LU!AC45,LU!AC144)) | Z41: =IF(OR(A41="",E41=0),"",Y41/E41) | AA41: =IF(OR(A41="",AND(D41=0, E41=0)),"",SUM(LU!AE45,LU!AE144)) | AB41: =IF(OR(A41="",AND(D41=0, E41=0)),"",AA41/(D41+E41)) | AC41: =IF(OR(A41="",F41="",F41=0),"",T41/F41) | AD41: =IF(OR(A41="",F41=0,R$48="-",LU!$W$5=0),"",R41-R$48) | AE41: =IF(OR(A41="",F41=0,S$48="-",LU!$W$5=0),"",S41-S$48) | AF41: =IF(OR(A41="",F41=0,AD41=""),"",AD41-AE41) | AG41: =IF(OR($A41="",C41=0),"",V41-V$48) | AH41: =IF(OR($A41="",D41=0),"",X41-X$48) | AI41: =IF(OR($A41="",E41=0),"",Z41-Z$48) | AJ41: =IF(OR($A41="",AND(D41=0, E41=0)),"",AB41-AB$48) | AK41: =IF(OR($A41="",AC41="",AC$48="-",LU!$W$5=0),"",AC41-AC$48) | AL41: =IF(OR(A41="",F41=0),"",SUM(PT!U82,PT!U83))
A42: =IF(ISBLANK(IGRF!$I28),"",IGRF!$I28) -> 99 | B42: =IF(ISBLANK(IGRF!$J28),"",IGRF!$J28) -> May Q. Pay | C42: =IF(A42="","",SUM(LU!AH23,LU!AH122)) -> 0 | D42: =IF(A42="","",SUM(LU!W23,LU!W122)) -> 0 | E42: =IF(A42="","",SUM(LU!AC23,LU!AC122)) -> 20 | F42: =IF(A42="","",(SUM(C42:E42)-(SUMPRODUCT(--(Lineups!AC$4:AC$41=A42),--(Lineups!AA$4:AA$41="SP"))+SUMPRODUCT(--(Lineups!AG$4:AG$41=A42),--(Lineups!AA$4:AA$41="SP"))+SUMPRODUCT(--(Lineups!AC$46:AC$83=A42),--(Lineups!AA$46:AA$83="SP"))+SUMPRODUCT(--(Lineups!AG$46:AG$83=A42),--(Lineups!AA$46:AA$83="SP"))))) -> 20 | G42: =IF(OR(A42="",F42=0,LU!D$3+LU!D$102=0),"",F42/(LU!D$3+LU!D$102)) -> 0.45454545 | H42: =IF(OR(C42=0,A42=""),"",SK!T216) | I42: =IF(OR(A42="",SK!U216="",SK!U216=0),"",H42/SK!U216) | J42: =IF(OR(C42=0,A42=""),"",SK!W216) | K42: =IF(OR(C42=0,A42=""),"",SK!X216) | L42: =IF(OR(C42=0,A42=""),"",SK!Z216) | M42: =IF(OR(C42=0,A42=""),"",SK!AB216) | N42: =IF(OR(A42="",C42=0),"",SUMPRODUCT(--(Lineups!$AA$4:$AA$41="SP"),--(Lineups!$AC$4:$AC$41=A42))+SUMPRODUCT(--(Lineups!$AA$46:$AA$83="SP"),--(Lineups!$AC$46:$AC$83=A42))) | O42: =IF(OR(A42="",C42="",(IF(C42="",0,C42)-IF(N42="",0,N42))=0),"",K42/(C42-N42)) | P42: =IF(OR(A42="",C42=0),"",SK!Y216) | Q42: =IF(OR(A42="",C42=0,K42=0),"",P42/K42) | R42: =IF(OR(A42="",F42=0),"",SUM(LU!AJ69,LU!AJ168)) -> 148 | S42: =IF(OR(A42="",F42=0),"",SUM(LU!AJ92,LU!AJ191)) -> 66 | T42: =IF(OR(A42="",F42=0),"",SUM(LU!AJ46,LU!AJ145)) -> 82 | U42: =IF(OR(A42="",C42=0),"",SUM(LU!AH46,LU!AH145)) | V42: =IF(OR(A42="",C42=0),"",U42/C42) | W42: =IF(OR(A42="",D42=0),"",SUM(LU!W46,LU!W145)) | X42: =IF(OR(A42="",D42=0),"",W42/D42) | Y42: =IF(OR(A42="",E42=0),"",SUM(LU!AC46,LU!AC145)) -> 82 | Z42: =IF(OR(A42="",E42=0),"",Y42/E42) -> 4.1 | AA42: =IF(OR(A42="",AND(D42=0, E42=0)),"",SUM(LU!AE46,LU!AE145)) -> 82 | AB42: =IF(OR(A42="",AND(D42=0, E42=0)),"",AA42/(D42+E42)) -> 4.1 | AC42: =IF(OR(A42="",F42="",F42=0),"",T42/F42) -> 4.1 | AD42: =IF(OR(A42="",F42=0,R$48="-",LU!$W$5=0),"",R42-R$48) -> 51.571429 | AE42: =IF(OR(A42="",F42=0,S$48="-",LU!$W$5=0),"",S42-S$48) -> 17.071429 | AF42: =IF(OR(A42="",F42=0,AD42=""),"",AD42-AE42) -> 34.5 | AG42: =IF(OR($A42="",C42=0),"",V42-V$48) | AH42: =IF(OR($A42="",D42=0),"",X42-X$48) | AI42: =IF(OR($A42="",E42=0),"",Z42-Z$48) -> 1.1053809 | AJ42: =IF(OR($A42="",AND(D42=0, E42=0)),"",AB42-AB$48) -> 1.1483321 | AK42: =IF(OR($A42="",AC42="",AC$48="-",LU!$W$5=0),"",AC42-AC$48) -> 1.3884069 | AL42: =IF(OR(A42="",F42=0),"",SUM(PT!U84,PT!U85)) -> 2
A43: =IF(ISBLANK(IGRF!$I29),"",IGRF!$I29) | B43: =IF(ISBLANK(IGRF!$J29),"",IGRF!$J29) | C43: =IF(A43="","",SUM(LU!AH24,LU!AH123)) | D43: =IF(A43="","",SUM(LU!W24,LU!W123)) | E43: =IF(A43="","",SUM(LU!AC24,LU!AC123)) | F43: =IF(A43="","",(SUM(C43:E43)-(SUMPRODUCT(--(Lineups!AC$4:AC$41=A43),--(Lineups!AA$4:AA$41="SP"))+SUMPRODUCT(--(Lineups!AG$4:AG$41=A43),--(Lineups!AA$4:AA$41="SP"))+SUMPRODUCT(--(Lineups!AC$46:AC$83=A43),--(Lineups!AA$46:AA$83="SP"))+SUMPRODUCT(--(Lineups!AG$46:AG$83=A43),--(Lineups!AA$46:AA$83="SP"))))) | G43: =IF(OR(A43="",F43=0,LU!D$3+LU!D$102=0),"",F43/(LU!D$3+LU!D$102)) | H43: =IF(OR(C43=0,A43=""),"",SK!T219) | I43: =IF(OR(A43="",SK!U219="",SK!U219=0),"",H43/SK!U219) | J43: =IF(OR(C43=0,A43=""),"",SK!W219) | K43: =IF(OR(C43=0,A43=""),"",SK!X219) | L43: =IF(OR(C43=0,A43=""),"",SK!Z219) | M43: =IF(OR(C43=0,A43=""),"",SK!AB219) | N43: =IF(OR(A43="",C43=0),"",SUMPRODUCT(--(Lineups!$AA$4:$AA$41="SP"),--(Lineups!$AC$4:$AC$41=A43))+SUMPRODUCT(--(Lineups!$AA$46:$AA$83="SP"),--(Lineups!$AC$46:$AC$83=A43))) | O43: =IF(OR(A43="",C43="",(IF(C43="",0,C43)-IF(N43="",0,N43))=0),"",K43/(C43-N43)) | P43: =IF(OR(A43="",C43=0),"",SK!Y219) | Q43: =IF(OR(A43="",C43=0,K43=0),"",P43/K43) | R43: =IF(OR(A43="",F43=0),"",SUM(LU!AJ70,LU!AJ169)) | S43: =IF(OR(A43="",F43=0),"",SUM(LU!AJ93,LU!AJ192)) | T43: =IF(OR(A43="",F43=0),"",SUM(LU!AJ47,LU!AJ146)) | U43: =IF(OR(A43="",C43=0),"",SUM(LU!AH47,LU!AH146)) | V43: =IF(OR(A43="",C43=0),"",U43/C43) | W43: =IF(OR(A43="",D43=0),"",SUM(LU!W47,LU!W146)) | X43: =IF(OR(A43="",D43=0),"",W43/D43) | Y43: =IF(OR(A43="",E43=0),"",SUM(LU!AC47,LU!AC146)) | Z43: =IF(OR(A43="",E43=0),"",Y43/E43) | AA43: =IF(OR(A43="",AND(D43=0, E43=0)),"",SUM(LU!AE47,LU!AE146)) | AB43: =IF(OR(A43="",AND(D43=0, E43=0)),"",AA43/(D43+E43)) | AC43: =IF(OR(A43="",F43="",F43=0),"",T43/F43) | AD43: =IF(OR(A43="",F43=0,R$48="-",LU!$W$5=0),"",R43-R$48) | AE43: =IF(OR(A43="",F43=0,S$48="-",LU!$W$5=0),"",S43-S$48) | AF43: =IF(OR(A43="",F43=0,AD43=""),"",AD43-AE43) | AG43: =IF(OR($A43="",C43=0),"",V43-V$48) | AH43: =IF(OR($A43="",D43=0),"",X43-X$48) | AI43: =IF(OR($A43="",E43=0),"",Z43-Z$48) | AJ43: =IF(OR($A43="",AND(D43=0, E43=0)),"",AB43-AB$48) | AK43: =IF(OR($A43="",AC43="",AC$48="-",LU!$W$5=0),"",AC43-AC$48) | AL43: =IF(OR(A43="",F43=0),"",SUM(PT!U86,PT!U87))
A44: =IF(ISBLANK(IGRF!$I30),"",IGRF!$I30) | B44: =IF(ISBLANK(IGRF!$J30),"",IGRF!$J30) | C44: =IF(A44="","",SUM(LU!AH25,LU!AH124)) | D44: =IF(A44="","",SUM(LU!W25,LU!W124)) | E44: =IF(A44="","",SUM(LU!AC25,LU!AC124)) | F44: =IF(A44="","",(SUM(C44:E44)-(SUMPRODUCT(--(Lineups!AC$4:AC$41=A44),--(Lineups!AA$4:AA$41="SP"))+SUMPRODUCT(--(Lineups!AG$4:AG$41=A44),--(Lineups!AA$4:AA$41="SP"))+SUMPRODUCT(--(Lineups!AC$46:AC$83=A44),--(Lineups!AA$46:AA$83="SP"))+SUMPRODUCT(--(Lineups!AG$46:AG$83=A44),--(Lineups!AA$46:AA$83="SP"))))) | G44: =IF(OR(A44="",F44=0,LU!D$3+LU!D$102=0),"",F44/(LU!D$3+LU!D$102)) | H44: =IF(OR(C44=0,A44=""),"",SK!T222) | I44: =IF(OR(A44="",SK!U222="",SK!U222=0),"",H44/SK!U222) | J44: =IF(OR(C44=0,A44=""),"",SK!W222) | K44: =IF(OR(C44=0,A44=""),"",SK!X222) | L44: =IF(OR(C44=0,A44=""),"",SK!Z222) | M44: =IF(OR(C44=0,A44=""),"",SK!AB222) | N44: =IF(OR(A44="",C44=0),"",SUMPRODUCT(--(Lineups!$AA$4:$AA$41="SP"),--(Lineups!$AC$4:$AC$41=A44))+SUMPRODUCT(--(Lineups!$AA$46:$AA$83="SP"),--(Lineups!$AC$46:$AC$83=A44))) | O44: =IF(OR(A44="",C44="",(IF(C44="",0,C44)-IF(N44="",0,N44))=0),"",K44/(C44-N44)) | P44: =IF(OR(A44="",C44=0),"",SK!Y222) | Q44: =IF(OR(A44="",C44=0,K44=0),"",P44/K44) | R44: =IF(OR(A44="",F44=0),"",SUM(LU!AJ71,LU!AJ170)) | S44: =IF(OR(A44="",F44=0),"",SUM(LU!AJ94,LU!AJ193)) | T44: =IF(OR(A44="",F44=0),"",SUM(LU!AJ48,LU!AJ147)) | U44: =IF(OR(A44="",C44=0),"",SUM(LU!AH48,LU!AH147)) | V44: =IF(OR(A44="",C44=0),"",U44/C44) | W44: =IF(OR(A44="",D44=0),"",SUM(LU!W48,LU!W147)) | X44: =IF(OR(A44="",D44=0),"",W44/D44) | Y44: =IF(OR(A44="",E44=0),"",SUM(LU!AC48,LU!AC147)) | Z44: =IF(OR(A44="",E44=0),"",Y44/E44) | AA44: =IF(OR(A44="",AND(D44=0, E44=0)),"",SUM(LU!AE48,LU!AE147)) | AB44: =IF(OR(A44="",AND(D44=0, E44=0)),"",AA44/(D44+E44)) | AC44: =IF(OR(A44="",F44="",F44=0),"",T44/F44) | AD44: =IF(OR(A44="",F44=0,R$48="-",LU!$W$5=0),"",R44-R$48) | AE44: =IF(OR(A44="",F44=0,S$48="-",LU!$W$5=0),"",S44-S$48) | AF44: =IF(OR(A44="",F44=0,AD44=""),"",AD44-AE44) | AG44: =IF(OR($A44="",C44=0),"",V44-V$48) | AH44: =IF(OR($A44="",D44=0),"",X44-X$48) | AI44: =IF(OR($A44="",E44=0),"",Z44-Z$48) | AJ44: =IF(OR($A44="",AND(D44=0, E44=0)),"",AB44-AB$48) | AK44: =IF(OR($A44="",AC44="",AC$48="-",LU!$W$5=0),"",AC44-AC$48) | AL44: =IF(OR(A44="",F44=0),"",SUM(PT!U88,PT!U89))
A45: =IF(ISBLANK(IGRF!$I31),"",IGRF!$I31) | B45: =IF(ISBLANK(IGRF!$J31),"",IGRF!$J31) | C45: =IF(A45="","",SUM(LU!AH26,LU!AH125)) | D45: =IF(A45="","",SUM(LU!W26,LU!W125)) | E45: =IF(A45="","",SUM(LU!AC26,LU!AC125)) | F45: =IF(A45="","",(SUM(C45:E45)-(SUMPRODUCT(--(Lineups!AC$4:AC$41=A45),--(Lineups!AA$4:AA$41="SP"))+SUMPRODUCT(--(Lineups!AG$4:AG$41=A45),--(Lineups!AA$4:AA$41="SP"))+SUMPRODUCT(--(Lineups!AC$46:AC$83=A45),--(Lineups!AA$46:AA$83="SP"))+SUMPRODUCT(--(Lineups!AG$46:AG$83=A45),--(Lineups!AA$46:AA$83="SP"))))) | G45: =IF(OR(A45="",F45=0,LU!D$3+LU!D$102=0),"",F45/(LU!D$3+LU!D$102)) | H45: =IF(OR(C45=0,A45=""),"",SK!T225) | I45: =IF(OR(A45="",SK!U225="",SK!U225=0),"",H45/SK!U225) | J45: =IF(OR(C45=0,A45=""),"",SK!W225) | K45: =IF(OR(C45=0,A45=""),"",SK!X225) | L45: =IF(OR(C45=0,A45=""),"",SK!Z225) | M45: =IF(OR(C45=0,A45=""),"",SK!AB225) | N45: =IF(OR(A45="",C45=0),"",SUMPRODUCT(--(Lineups!$AA$4:$AA$41="SP"),--(Lineups!$AC$4:$AC$41=A45))+SUMPRODUCT(--(Lineups!$AA$46:$AA$83="SP"),--(Lineups!$AC$46:$AC$83=A45))) | O45: =IF(OR(A45="",C45="",(IF(C45="",0,C45)-IF(N45="",0,N45))=0),"",K45/(C45-N45)) | P45: =IF(OR(A45="",C45=0),"",SK!Y225) | Q45: =IF(OR(A45="",C45=0,K45=0),"",P45/K45) | R45: =IF(OR(A45="",F45=0),"",SUM(LU!AJ72,LU!AJ171)) | S45: =IF(OR(A45="",F45=0),"",SUM(LU!AJ95,LU!AJ194)) | T45: =IF(OR(A45="",F45=0),"",SUM(LU!AJ49,LU!AJ148)) | U45: =IF(OR(A45="",C45=0),"",SUM(LU!AH49,LU!AH148)) | V45: =IF(OR(A45="",C45=0),"",U45/C45) | W45: =IF(OR(A45="",D45=0),"",SUM(LU!W49,LU!W148)) | X45: =IF(OR(A45="",D45=0),"",W45/D45) | Y45: =IF(OR(A45="",E45=0),"",SUM(LU!AC49,LU!AC148)) | Z45: =IF(OR(A45="",E45=0),"",Y45/E45) | AA45: =IF(OR(A45="",AND(D45=0, E45=0)),"",SUM(LU!AE49,LU!AE148)) | AB45: =IF(OR(A45="",AND(D45=0, E45=0)),"",AA45/(D45+E45)) | AC45: =IF(OR(A45="",F45="",F45=0),"",T45/F45) | AD45: =IF(OR(A45="",F45=0,R$48="-",LU!$W$5=0),"",R45-R$48) | AE45: =IF(OR(A45="",F45=0,S$48="-",LU!$W$5=0),"",S45-S$48) | AF45: =IF(OR(A45="",F45=0,AD45=""),"",AD45-AE45) | AG45: =IF(OR($A45="",C45=0),"",V45-V$48) | AH45: =IF(OR($A45="",D45=0),"",X45-X$48) | AI45: =IF(OR($A45="",E45=0),"",Z45-Z$48) | AJ45: =IF(OR($A45="",AND(D45=0, E45=0)),"",AB45-AB$48) | AK45: =IF(OR($A45="",AC45="",AC$48="-",LU!$W$5=0),"",AC45-AC$48) | AL45: =IF(OR(A45="",F45=0),"",SUM(PT!U90,PT!U91))
A46: =IF(ISBLANK(IGRF!$I32),"",IGRF!$I32) | B46: =IF(ISBLANK(IGRF!$J32),"",IGRF!$J32) | C46: =IF(A46="","",SUM(LU!AH27,LU!AH126)) | D46: =IF(A46="","",SUM(LU!W27,LU!W126)) | E46: =IF(A46="","",SUM(LU!AC27,LU!AC126)) | F46: =IF(A46="","",(SUM(C46:E46)-(SUMPRODUCT(--(Lineups!AC$4:AC$41=A46),--(Lineups!AA$4:AA$41="SP"))+SUMPRODUCT(--(Lineups!AG$4:AG$41=A46),--(Lineups!AA$4:AA$41="SP"))+SUMPRODUCT(--(Lineups!AC$46:AC$83=A46),--(Lineups!AA$46:AA$83="SP"))+SUMPRODUCT(--(Lineups!AG$46:AG$83=A46),--(Lineups!AA$46:AA$83="SP"))))) | G46: =IF(OR(A46="",F46=0,LU!D$3+LU!D$102=0),"",F46/(LU!D$3+LU!D$102)) | H46: =IF(OR(C46=0,A46=""),"",SK!T228) | I46: =IF(OR(A46="",SK!U228="",SK!U228=0),"",H46/SK!U228) | J46: =IF(OR(C46=0,A46=""),"",SK!W228) | K46: =IF(OR(C46=0,A46=""),"",SK!X228) | L46: =IF(OR(C46=0,A46=""),"",SK!Z228) | M46: =IF(OR(C46=0,A46=""),"",SK!AB228) | N46: =IF(OR(A46="",C46=0),"",SUMPRODUCT(--(Lineups!$AA$4:$AA$41="SP"),--(Lineups!$AC$4:$AC$41=A46))+SUMPRODUCT(--(Lineups!$AA$46:$AA$83="SP"),--(Lineups!$AC$46:$AC$83=A46))) | O46: =IF(OR(A46="",C46="",(IF(C46="",0,C46)-IF(N46="",0,N46))=0),"",K46/(C46-N46)) | P46: =IF(OR(A46="",C46=0),"",SK!Y228) | Q46: =IF(OR(A46="",C46=0,K46=0),"",P46/K46) | R46: =IF(OR(A46="",F46=0),"",SUM(LU!AJ73,LU!AJ172)) | S46: =IF(OR(A46="",F46=0),"",SUM(LU!AJ96,LU!AJ195)) | T46: =IF(OR(A46="",F46=0),"",SUM(LU!AJ50,LU!AJ149)) | U46: =IF(OR(A46="",C46=0),"",SUM(LU!AH50,LU!AH149)) | V46: =IF(OR(A46="",C46=0),"",U46/C46) | W46: =IF(OR(A46="",D46=0),"",SUM(LU!W50,LU!W149)) | X46: =IF(OR(A46="",D46=0),"",W46/D46) | Y46: =IF(OR(A46="",E46=0),"",SUM(LU!AC50,LU!AC149)) | Z46: =IF(OR(A46="",E46=0),"",Y46/E46) | AA46: =IF(OR(A46="",AND(D46=0, E46=0)),"",SUM(LU!AE50,LU!AE149)) | AB46: =IF(OR(A46="",AND(D46=0, E46=0)),"",AA46/(D46+E46)) | AC46: =IF(OR(A46="",F46="",F46=0),"",T46/F46) | AD46: =IF(OR(A46="",F46=0,R$48="-",LU!$W$5=0),"",R46-R$48) | AE46: =IF(OR(A46="",F46=0,S$48="-",LU!$W$5=0),"",S46-S$48) | AF46: =IF(OR(A46="",F46=0,AD46=""),"",AD46-AE46) | AG46: =IF(OR($A46="",C46=0),"",V46-V$48) | AH46: =IF(OR($A46="",D46=0),"",X46-X$48) | AI46: =IF(OR($A46="",E46=0),"",Z46-Z$48) | AJ46: =IF(OR($A46="",AND(D46=0, E46=0)),"",AB46-AB$48) | AK46: =IF(OR($A46="",AC46="",AC$48="-",LU!$W$5=0),"",AC46-AC$48) | AL46: =IF(OR(A46="",F46=0),"",SUM(PT!U92,PT!U93))
A47: =IF(ISBLANK(IGRF!$I33),"",IGRF!$I33) | B47: =IF(ISBLANK(IGRF!$J33),"",IGRF!$J33) | C47: =IF(A47="","",SUM(LU!AH28,LU!AH127)) | D47: =IF(A47="","",SUM(LU!W28,LU!W127)) | E47: =IF(A47="","",SUM(LU!AC28,LU!AC127)) | F47: =IF(A47="","",(SUM(C47:E47)-(SUMPRODUCT(--(Lineups!AC$4:AC$41=A47),--(Lineups!AA$4:AA$41="SP"))+SUMPRODUCT(--(Lineups!AG$4:AG$41=A47),--(Lineups!AA$4:AA$41="SP"))+SUMPRODUCT(--(Lineups!AC$46:AC$83=A47),--(Lineups!AA$46:AA$83="SP"))+SUMPRODUCT(--(Lineups!AG$46:AG$83=A47),--(Lineups!AA$46:AA$83="SP"))))) | G47: =IF(OR(A47="",F47=0,LU!D$3+LU!D$102=0),"",F47/(LU!D$3+LU!D$102)) | H47: =IF(OR(C47=0,A47=""),"",SK!T231) | I47: =IF(OR(A47="",SK!U231="",SK!U231=0),"",H47/SK!U231) | J47: =IF(OR(C47=0,A47=""),"",SK!W231) | K47: =IF(OR(C47=0,A47=""),"",SK!X231) | L47: =IF(OR(C47=0,A47=""),"",SK!Z231) | M47: =IF(OR(C47=0,A47=""),"",SK!AB231) | N47: =IF(OR(A47="",C47=0),"",SUMPRODUCT(--(Lineups!$AA$4:$AA$41="SP"),--(Lineups!$AC$4:$AC$41=A47))+SUMPRODUCT(--(Lineups!$AA$46:$AA$83="SP"),--(Lineups!$AC$46:$AC$83=A47))) | O47: =IF(OR(A47="",C47="",(IF(C47="",0,C47)-IF(N47="",0,N47))=0),"",K47/(C47-N47)) | P47: =IF(OR(A47="",C47=0),"",SK!Y231) | Q47: =IF(OR(A47="",C47=0,K47=0),"",P47/K47) | R47: =IF(OR(A47="",F47=0),"",SUM(LU!AJ74,LU!AJ173)) | S47: =IF(OR(A47="",F47=0),"",SUM(LU!AJ97,LU!AJ196)) | T47: =IF(OR(A47="",F47=0),"",SUM(LU!AJ51,LU!AJ150)) | U47: =IF(OR(A47="",C47=0),"",SUM(LU!AH51,LU!AH150)) | V47: =IF(OR(A47="",C47=0),"",U47/C47) | W47: =IF(OR(A47="",D47=0),"",SUM(LU!W51,LU!W150)) | X47: =IF(OR(A47="",D47=0),"",W47/D47) | Y47: =IF(OR(A47="",E47=0),"",SUM(LU!AC51,LU!AC150)) | Z47: =IF(OR(A47="",E47=0),"",Y47/E47) | AA47: =IF(OR(A47="",AND(D47=0, E47=0)),"",SUM(LU!AE51,LU!AE150)) | AB47: =IF(OR(A47="",AND(D47=0, E47=0)),"",AA47/(D47+E47)) | AC47: =IF(OR(A47="",F47="",F47=0),"",T47/F47) | AD47: =IF(OR(A47="",F47=0,R$48="-",LU!$W$5=0),"",R47-R$48) | AE47: =IF(OR(A47="",F47=0,S$48="-",LU!$W$5=0),"",S47-S$48) | AF47: =IF(OR(A47="",F47=0,AD47=""),"",AD47-AE47) | AG47: =IF(OR($A47="",C47=0),"",V47-V$48) | AH47: =IF(OR($A47="",D47=0),"",X47-X$48) | AI47: =IF(OR($A47="",E47=0),"",Z47-Z$48) | AJ47: =IF(OR($A47="",AND(D47=0, E47=0)),"",AB47-AB$48) | AK47: =IF(OR($A47="",AC47="",AC$48="-",LU!$W$5=0),"",AC47-AC$48) | AL47: =IF(OR(A47="",F47=0),"",SUM(PT!U94,PT!U95))
A48: TEAM SUMMARIES | C48: =SUM(C28:C47) -> 48 | D48: =SUM(D28:D47) -> 42 | E48: =SUM(E28:E47) -> 138 | F48: =SUM(F28:F47) -> 220 | G48: =IF(COUNT(G28:G47)=0,"-",AVERAGE(G28:G47)) -> 0.35714286 | H48: =SUM(H28:H47) -> 270 | I48: =IF(LU!W3+LU!W102=0,"-",H48/(LU!W3+LU!W102)) -> 6.1363636 | J48: =SUM(J28:J47) -> 1 | K48: =SUM(K28:K47) -> 29 | L48: =SUM(L28:L47) -> 28 | M48: =SUM(M28:M47) -> 3 | N48: =SUM(N28:N47) -> 4 | O48: =IF(C48=0,"-",K48/(C48-N48)) -> 0.65909091 | P48: =SUM(P28:P47) -> 169 | Q48: =IF(COUNT(Q28:Q47)=0,"-",AVERAGE(Q28:Q47)) -> 5.6111111 | R48: =IF(COUNT(R28:R47)=0,"-",AVERAGE(R28:R47)) -> 96.428571 | S48: =IF(COUNT(S28:S47)=0,"-",AVERAGE(S28:S47)) -> 48.928571 | T48: =IF(COUNT(T28:T47)=0,"-",AVERAGE(T28:T47)) -> 47.5 | U48: =IF(COUNT(U28:U47)=0,"-",AVERAGE(U28:U47)) -> 22.166667 | V48: =IF(COUNT(V28:V47)=0,"-",AVERAGE(V28:V47)) -> 2.5667989 | W48: =IF(COUNT(W28:W47)=0,"-",AVERAGE(W28:W47)) -> 28 | X48: =IF(COUNT(X28:X47)=0,"-",AVERAGE(X28:X47)) -> 4.4875 | ... AC48: =IF(COUNT(AC28:AC47)=0,"-",AVERAGE(AC28:AC47)) -> 2.7115931 | AD48: N/A | AE48: N/A | AF48: N/A | AG48: N/A | AH48: N/A | AI48: N/A | AJ48: N/A | AK48: N/A | AL48: =SUM(AL28:AM47) -> 23

Sheet Expulsion-Suspension Form
A1: This form should be completed and signed for any expulsion in a game. Statements are not required and may be continued on the reverse side. All signatures certify receipt of the form and one's own statement; it does not express agreement with the statement(s) of others. Any party who may, and chooses to, recommend a suspension should check the appropriate box next to their E-Mail Address.
A3: For WFTDA-sanctioned games, the expulsion must be recorded on the IGRF in the appropriate section. Return signed and completed Expulsion/Suspension forms to WFTDA Sanctioning with the completed StatsBook and signed IGRF. These will be filed with the game documentation. If any party wishes to have an incident reviewed by the Games Review Panel (GRP), indicate this on the IGRF at the time of signature. Any appeals may be filed with the WFTDA GRP at fairplay@wftda.com.
A5: Game Date: | B5: =IF(ISBLANK(IGRF!$B$7), "", IGRF!$B$7) -> 46123 | C5: Teams Participating: | D5: =IF(IGRF!B10="","",IGRF!$B$10&" / "&IGRF!$B$11&IF(IGRF!B12="",""," ("&IGRF!$B$12&")")&" vs. "&IGRF!$I$10&" / "&IGRF!$I$11&IF(IGRF!I12="",""," ("&IGRF!$I$12&")")) -> BOULDER COUNTY ROLLER DERBY / FLATIRON PHOENIXES (WHITE) vs. ROCKY MOUNTAIN ROLLER DERBY / 5280 FIGHT CLUB (BLACK)
A6: Suspension Recommended Below: | B6: YES | NO | C6: Meeting Results (if held):
A8: Name of Official Witnessing the Action: | C8: Signature:
A9: Official's Legal Name: | C9: League Affiliation: | E9: Penalty Issued:
A10: Official's E-Mail Address:
A11: Incident:
A13: Head Referee Name: | B13: =IF(ISBLANK(IGRF!C80), "", IGRF!C80) -> Margie Ram | C13: Signature:
A14: Head Referee's Legal Name: | C14: League Affiliation: | D14: =IF(ISBLANK(IGRF!H80),"",IGRF!H80) -> Denver Roller Derby | E14: Suspension Recommended:
A15: Head Referee's E-Mail Address: | E15: YES | NO
A16: Comments:
A18: Expelled Skater: | C18: Signature:
A19: Skater's Legal Name: | C19: League Affiliation:
A20: Skater's E-Mail Address:
A21: Comments:
A23: =IF(ISBLANK(IGRF!$B$11), "Home/Dark Team Captain Name: ", IGRF!$B$11&" Captain Name: ") -> FLATIRON PHOENIXES Captain Name: | B23: =IF(ISBLANK(IGRF!B49),"",IGRF!B49) -> Cat Claus | C23: Signature:
A24: Captain's Legal Name: | C24: League Affiliation: | D24: =IF(ISBLANK(IGRF!$B$10), "", IGRF!$B$10) -> BOULDER COUNTY ROLLER DERBY | E24: Suspension Recommended:
A25: Captain's E-Mail Address: | E25: YES | NO
A26: Comments:
A28: =IF(ISBLANK(IGRF!$I$11), "Away/Light Team Captain Name: ", IGRF!$I$11&" Captain Name: ") -> 5280 FIGHT CLUB Captain Name: | B28: =IF(ISBLANK(IGRF!I49), "", IGRF!I49) -> Mortal Wombat | C28: Signature:
A29: Captain's Legal Name: | C29: League Affiliation: | D29: =IF(ISBLANK(IGRF!$I$10), "", IGRF!$I$10) -> ROCKY MOUNTAIN ROLLER DERBY | E29: Suspension Recommended:
A30: Captain's E-Mail Address: | E30: YES | NO
A31: Comments:
A33: FOR TOURNAMENT PLAY
A35: Tournament Head Referee Name: | C35: Signature:
A36: THR's Legal Name: | C36: League Affiliation: | E36: Suspension Recommended:
A37: THR's E-Mail Address: | E37: YES | NO
A38: Comments:
A40: GTO Name (if present): | C40: Signature:
A41: GTO's Legal Name: | C41: League Affiliation: | E41: Suspension Recommended:
A42: GTO's E-Mail Address: | E42: YES | NO
A43: Comments:

Sheet Official Reviews
A1: =IF(ISBLANK(IGRF!$B$7), "", IGRF!$B$7) -> 46123 | C1: LLoud LLama | G1: =Score!$A$1 & IF(IGRF!B12="", ""," (" & IGRF!B12 & ")") -> BOULDER COUNTY ROLLER DERBY / FLATIRON PHOENIXES (WHITE)
A2: Date | C2: Tracked By | G2: =Score!$T$1 & IF(IGRF!I12="", ""," (" & IGRF!I12 & ")") -> ROCKY MOUNTAIN ROLLER DERBY / 5280 FIGHT CLUB (BLACK)
A3: =IF(ISBLANK(IGRF!$L$3), "Period 1", "GAME " & IGRF!$L$3&", Period 1") -> GAME 1, Period 1
A4: Team: | B4: ROCKY MOUNTAIN ROLLER DERBY / 5280 FIGHT CLUB (BLACK) | D4: Jam Number: | E4: 8 | F4: Period Clock: | G4: 0.82569444 | H4: Length of Review: | I4: 0.093055556 | J4: Keep Review? | K4: NO
A5: Details: | B5: Requests C (illegal contact) on white jammer 333 for blocking black blocker 71 while OOB on turn 1,
A6: Result: | B6: Both players wer OOB. No game impact. NOT retained.
A7: Team: | D7: Jam Number: | F7: Period Clock: | H7: Length of Review: | J7: Keep Review? | K7: YES / NO
A8: Details:
A9: Result:
A10: Team: | D10: Jam Number: | F10: Period Clock: | H10: Length of Review: | J10: Keep Review? | K10: YES / NO
A11: Details:
A12: Result:
A13: Team: | D13: Jam Number: | F13: Period Clock: | H13: Length of Review: | J13: Keep Review? | K13: YES / NO
A14: Details:
A15: Result:
H16: Total Time Elapsed for Official Reviews: | J16: 0.093055556
A18: =IF(ISBLANK(IGRF!$B$7), "", IGRF!$B$7) -> 46123 | C18: LLoud LLama | G18: =Score!$A$1 & IF(IGRF!B12="", ""," (" & IGRF!B12 & ")") -> BOULDER COUNTY ROLLER DERBY / FLATIRON PHOENIXES (WHITE)
A19: Date | C19: Tracked By | G19: =Score!$T$1 & IF(IGRF!I12="", ""," (" & IGRF!I12 & ")") -> ROCKY MOUNTAIN ROLLER DERBY / 5280 FIGHT CLUB (BLACK)
A20: =IF(ISBLANK(IGRF!$L$3), "Period 2", "GAME " & IGRF!$L$3&", Period 2") -> GAME 1, Period 2
A21: Team: | B21: BOULDER COUNTY ROLLER DERBY / FLATIRON PHOENIXES (WHITE) | D21: Jam Number: | E21: 11 | F21: Period Clock: | G21: 0.57013889 | H21: Length of Review: | I21: 0.10138889 | J21: Keep Review? | K21: NO
A22: Details: | B22: Requests expulsion on black jammer 76 for egregious low block; states no safe place to land.
A23: Result: | B23: All SOs concur that the black jammer, did, in fact, land safeley. No expulsion. NOT retained.
A24: Team: | D24: Jam Number: | F24: Period Clock: | H24: Length of Review: | J24: Keep Review? | K24: YES / NO
A25: Details:
A26: Result:
A27: Team: | D27: Jam Number: | F27: Period Clock: | H27: Length of Review: | J27: Keep Review? | K27: YES / NO
A28: Details:
A29: Result:
A30: Team: | D30: Jam Number: | F30: Period Clock: | H30: Length of Review: | J30: Keep Review? | K30: YES / NO
A31: Details:
A32: Result:
H33: Total Time Elapsed for Official Reviews: | J33: 0.10138889

Sheet Score
A1: =IF(IGRF!B11="","Home Team",IF(IGRF!B10=IGRF!I10,IGRF!B11,IF(IGRF!B10=IGRF!B11,IGRF!B10,IF(OR(IGRF!L3="A",IGRF!L3="B"),IGRF!B10&" "&IGRF!L3,IGRF!B10&" / "&IGRF!B11)))) -> BOULDER COUNTY ROLLER DERBY / FLATIRON PHOENIXES | I1: =IF(ISBLANK(IGRF!$B$12), "", IGRF!$B$12) -> WHITE | K1: =IF(ISBLANK(IGRF!$B$7), "", IGRF!$B$7) -> 46123 | L1: Malicious Compliance | O1: Arwen | R1: 1 | T1: =IF(IGRF!$I$11="","Away Team",IF(IGRF!$B$10=IGRF!$I$10,IGRF!$I$11,IF(IGRF!$I$10=IGRF!$I$11,IGRF!$I$11,IF(OR(IGRF!$L$3="A",IGRF!$L$3="B"),IGRF!$I$10&" "&IGRF!$L$3,IGRF!$I$10&" / "&IGRF!$I$11)))) -> ROCKY MOUNTAIN ROLLER DERBY / 5280 FIGHT CLUB | AB1: =IF(ISBLANK(IGRF!$I$12), "", IGRF!$I$12) -> BLACK | AD1: =IF(ISBLANK(IGRF!$B$7), "", IGRF!$B$7) -> 46123 | AE1: Billl O' Fights | AH1: Fast Freddie | AK1: 1
I2: Color | K2: Date | L2: Scorekeeper | O2: Jammer Ref | R2: =IF(ISBLANK(IGRF!$L$3), "", "GAME " & IGRF!$L$3) -> GAME 1 | AB2: Color | AD2: Date | AE2: Scorekeeper | AH2: Jammer Ref | AK2: =IF(ISBLANK(IGRF!$L$3), "", "GAME " & IGRF!$L$3) -> GAME 1
A3: JAM | B3: Jammer's Number | C3: LOST | D3: LEAD | E3: CALL | F3: INJ. | G3: NI | H3: Trip 2 | I3: Trip 3 | J3: Trip 4 | K3: Trip 5 | L3: Trip 6 | M3: Trip 7 | N3: Trip 8 | O3: Trip 9 | P3: Trip 10 | Q3: Jam Total | R3: Game Total | S3: Trips | T3: JAM | U3: Jammer's Number | V3: LOST | W3: LEAD | X3: CALL | Y3: INJ. | Z3: NI | AA3: Trip 2 | AB3: Trip 3 | AC3: Trip 4 | AD3: Trip 5 | AE3: Trip 6 | AF3: Trip 7 | AG3: Trip 8 | AH3: Trip 9 | AI3: Trip 10 | AJ3: Jam Total | AK3: Game Total | AL3: Trips
A4: 1 | B4: 737 | D4: x | E4: x | H4: 4 | Q4: =IF(ISBLANK(A4),"",IF(ISBLANK(G4),SUM(H4:P4),0)) -> 4 | R4: =IF(Q4="","",Q4+'OS Offset'!B4) -> 4 | S4: =IF(G4="X",0,COUNT(H4:P4)) -> 1 | T4: 1 | U4: 4 | AA4: 4 | AB4: 0 | AJ4: =IF(ISBLANK(T4),"",IF(ISBLANK(Z4),SUM(AA4:AI4),0)) -> 4 | AK4: =IF(AJ4="","",AJ4+'OS Offset'!I4) -> 4 | AL4: =IF(Z4="X",0,COUNT(AA4:AI4)) -> 2
A5: 2 | B5: 98 | D5: x | E5: x | H5: 4 | Q5: =IF(ISBLANK(A5),"",IF(ISBLANK(G5),SUM(H5:P5),0)) -> 4 | R5: =IF(Q5="","",Q5+R4+'OS Offset'!B5) -> 8 | S5: =IF(G5="X",0,COUNT(H5:P5)) -> 1 | T5: 2 | U5: 1 | AA5: 2 | AJ5: =IF(ISBLANK(T5),"",IF(ISBLANK(Z5),SUM(AA5:AI5),0)) -> 2 | AK5: =IF(AJ5="","",AJ5+AK4+'OS Offset'!I5) -> 6 | AL5: =IF(Z5="X",0,COUNT(AA5:AI5)) -> 1
A6: 3 | B6: 1190 | G6: x | Q6: =IF(ISBLANK(A6),"",IF(ISBLANK(G6),SUM(H6:P6),0)) -> 0 | R6: =IF(Q6="","",Q6+R5+'OS Offset'!B6) -> 8 | S6: =IF(G6="X",0,COUNT(H6:P6)) -> 0 | T6: 3 | U6: 76 | W6: x | X6: x | AA6: 4 | AB6: 0 | AJ6: =IF(ISBLANK(T6),"",IF(ISBLANK(Z6),SUM(AA6:AI6),0)) -> 4 | AK6: =IF(AJ6="","",AJ6+AK5+'OS Offset'!I6) -> 10 | AL6: =IF(Z6="X",0,COUNT(AA6:AI6)) -> 2
A7: 4 | B7: 333 | D7: x | E7: x | H7: 4 | I7: 4 | J7: 4 | Q7: =IF(ISBLANK(A7),"",IF(ISBLANK(G7),SUM(H7:P7),0)) -> 12 | R7: =IF(Q7="","",Q7+R6+'OS Offset'!B7) -> 20 | S7: =IF(G7="X",0,COUNT(H7:P7)) -> 3 | T7: 4 | U7: 11 | Z7: x | AJ7: =IF(ISBLANK(T7),"",IF(ISBLANK(Z7),SUM(AA7:AI7),0)) -> 0 | AK7: =IF(AJ7="","",AJ7+AK6+'OS Offset'!I7) -> 10 | AL7: =IF(Z7="X",0,COUNT(AA7:AI7)) -> 0
A8: SP* | Q8: =IF(ISBLANK(A8),"",IF(ISBLANK(G8),SUM(H8:P8),0)) -> 0 | R8: =IF(Q8="","",Q8+R7+'OS Offset'!B8) -> 20 | S8: =IF(G8="X",0,COUNT(H8:P8)) -> 0 | T8: SP | U8: 3 | AA8: 0 | AJ8: =IF(ISBLANK(T8),"",IF(ISBLANK(Z8),SUM(AA8:AI8),0)) -> 0 | AK8: =IF(AJ8="","",AJ8+AK7+'OS Offset'!I8) -> 10 | AL8: =IF(Z8="X",0,COUNT(AA8:AI8)) -> 1
A9: 5 | B9: 98 | G9: x | Q9: =IF(ISBLANK(A9),"",IF(ISBLANK(G9),SUM(H9:P9),0)) -> 0 | R9: =IF(Q9="","",Q9+R8+'OS Offset'!B9) -> 20 | S9: =IF(G9="X",0,COUNT(H9:P9)) -> 0 | T9: 5 | U9: 1 | W9: x | X9: x | AA9: 4 | AB9: 4 | AC9: 4 | AD9: 4 | AE9: 4 | AJ9: =IF(ISBLANK(T9),"",IF(ISBLANK(Z9),SUM(AA9:AI9),0)) -> 20 | AK9: =IF(AJ9="","",AJ9+AK8+'OS Offset'!I9) -> 30 | AL9: =IF(Z9="X",0,COUNT(AA9:AI9)) -> 5
A10: 6 | B10: 98 | H10: 4 | Q10: =IF(ISBLANK(A10),"",IF(ISBLANK(G10),SUM(H10:P10),0)) -> 4 | R10: =IF(Q10="","",Q10+R9+'OS Offset'!B10) -> 24 | S10: =IF(G10="X",0,COUNT(H10:P10)) -> 1 | T10: 6 | U10: 76 | W10: x | X10: x | AA10: 4 | AB10: 4 | AJ10: =IF(ISBLANK(T10),"",IF(ISBLANK(Z10),SUM(AA10:AI10),0)) -> 8 | AK10: =IF(AJ10="","",AJ10+AK9+'OS Offset'!I10) -> 38 | AL10: =IF(Z10="X",0,COUNT(AA10:AI10)) -> 2
A11: 7 | B11: 1190 | H11: 3 | Q11: =IF(ISBLANK(A11),"",IF(ISBLANK(G11),SUM(H11:P11),0)) -> 3 | R11: =IF(Q11="","",Q11+R10+'OS Offset'!B11) -> 27 | S11: =IF(G11="X",0,COUNT(H11:P11)) -> 1 | T11: 7 | U11: 4 | W11: x | X11: x | AA11: 3 | AJ11: =IF(ISBLANK(T11),"",IF(ISBLANK(Z11),SUM(AA11:AI11),0)) -> 3 | AK11: =IF(AJ11="","",AJ11+AK10+'OS Offset'!I11) -> 41 | AL11: =IF(Z11="X",0,COUNT(AA11:AI11)) -> 1
A12: 8 | B12: 333 | H12: 0 | Q12: =IF(ISBLANK(A12),"",IF(ISBLANK(G12),SUM(H12:P12),0)) -> 0 | R12: =IF(Q12="","",Q12+R11+'OS Offset'!B12) -> 27 | S12: =IF(G12="X",0,COUNT(H12:P12)) -> 1 | T12: 8 | U12: 1 | W12: x | X12: x | AA12: 4 | AB12: 4 | AJ12: =IF(ISBLANK(T12),"",IF(ISBLANK(Z12),SUM(AA12:AI12),0)) -> 8 | AK12: =IF(AJ12="","",AJ12+AK11+'OS Offset'!I12) -> 49 | AL12: =IF(Z12="X",0,COUNT(AA12:AI12)) -> 2
A13: 9 | B13: 737 | G13: x | Q13: =IF(ISBLANK(A13),"",IF(ISBLANK(G13),SUM(H13:P13),0)) -> 0 | R13: =IF(Q13="","",Q13+R12+'OS Offset'!B13) -> 27 | S13: =IF(G13="X",0,COUNT(H13:P13)) -> 0 | T13: 9 | U13: 76 | W13: x | X13: x | AA13: 4 | AB13: 4 | AC13: 3 | AJ13: =IF(ISBLANK(T13),"",IF(ISBLANK(Z13),SUM(AA13:AI13),0)) -> 11 | AK13: =IF(AJ13="","",AJ13+AK12+'OS Offset'!I13) -> 60 | AL13: =IF(Z13="X",0,COUNT(AA13:AI13)) -> 3
A14: SP | B14: 113 | G14: x | Q14: =IF(ISBLANK(A14),"",IF(ISBLANK(G14),SUM(H14:P14),0)) -> 0 | R14: =IF(Q14="","",Q14+R13+'OS Offset'!B14) -> 27 | S14: =IF(G14="X",0,COUNT(H14:P14)) -> 0 | T14: SP* | AJ14: =IF(ISBLANK(T14),"",IF(ISBLANK(Z14),SUM(AA14:AI14),0)) -> 0 | AK14: =IF(AJ14="","",AJ14+AK13+'OS Offset'!I14) -> 60 | AL14: =IF(Z14="X",0,COUNT(AA14:AI14)) -> 0
A15: 10 | B15: 98 | H15: 0 | Q15: =IF(ISBLANK(A15),"",IF(ISBLANK(G15),SUM(H15:P15),0)) -> 0 | R15: =IF(Q15="","",Q15+R14+'OS Offset'!B15) -> 27 | S15: =IF(G15="X",0,COUNT(H15:P15)) -> 1 | T15: 10 | U15: 11 | W15: x | X15: x | AA15: 4 | AJ15: =IF(ISBLANK(T15),"",IF(ISBLANK(Z15),SUM(AA15:AI15),0)) -> 4 | AK15: =IF(AJ15="","",AJ15+AK14+'OS Offset'!I15) -> 64 | AL15: =IF(Z15="X",0,COUNT(AA15:AI15)) -> 1
A16: 11 | B16: 333 | H16: 1 | Q16: =IF(ISBLANK(A16),"",IF(ISBLANK(G16),SUM(H16:P16),0)) -> 1 | R16: =IF(Q16="","",Q16+R15+'OS Offset'!B16) -> 28 | S16: =IF(G16="X",0,COUNT(H16:P16)) -> 1 | T16: 11 | U16: 1 | W16: x | X16: x | AA16: 4 | AB16: 4 | AC16: 4 | AJ16: =IF(ISBLANK(T16),"",IF(ISBLANK(Z16),SUM(AA16:AI16),0)) -> 12 | AK16: =IF(AJ16="","",AJ16+AK15+'OS Offset'!I16) -> 76 | AL16: =IF(Z16="X",0,COUNT(AA16:AI16)) -> 3
A17: 12 | B17: 333 | G17: x | Q17: =IF(ISBLANK(A17),"",IF(ISBLANK(G17),SUM(H17:P17),0)) -> 0 | R17: =IF(Q17="","",Q17+R16+'OS Offset'!B17) -> 28 | S17: =IF(G17="X",0,COUNT(H17:P17)) -> 0 | T17: 12 | U17: 1 | W17: x | X17: x | AA17: 0 | AJ17: =IF(ISBLANK(T17),"",IF(ISBLANK(Z17),SUM(AA17:AI17),0)) -> 0 | AK17: =IF(AJ17="","",AJ17+AK16+'OS Offset'!I17) -> 76 | AL17: =IF(Z17="X",0,COUNT(AA17:AI17)) -> 1
A18: 13 | B18: 333 | H18: 4 | Q18: =IF(ISBLANK(A18),"",IF(ISBLANK(G18),SUM(H18:P18),0)) -> 4 | R18: =IF(Q18="","",Q18+R17+'OS Offset'!B18) -> 32 | S18: =IF(G18="X",0,COUNT(H18:P18)) -> 1 | T18: 13 | U18: 4 | W18: x | X18: x | AA18: 2 | AJ18: =IF(ISBLANK(T18),"",IF(ISBLANK(Z18),SUM(AA18:AI18),0)) -> 2 | AK18: =IF(AJ18="","",AJ18+AK17+'OS Offset'!I18) -> 78 | AL18: =IF(Z18="X",0,COUNT(AA18:AI18)) -> 1
A19: 14 | B19: 1190 | D19: x | E19: x | H19: 2 | Q19: =IF(ISBLANK(A19),"",IF(ISBLANK(G19),SUM(H19:P19),0)) -> 2 | R19: =IF(Q19="","",Q19+R18+'OS Offset'!B19) -> 34 | S19: =IF(G19="X",0,COUNT(H19:P19)) -> 1 | T19: 14 | U19: 76 | AA19: 0 | AJ19: =IF(ISBLANK(T19),"",IF(ISBLANK(Z19),SUM(AA19:AI19),0)) -> 0 | AK19: =IF(AJ19="","",AJ19+AK18+'OS Offset'!I19) -> 78 | AL19: =IF(Z19="X",0,COUNT(AA19:AI19)) -> 1
A20: 15 | B20: 98 | D20: x | E20: x | H20: 4 | I20: 4 | Q20: =IF(ISBLANK(A20),"",IF(ISBLANK(G20),SUM(H20:P20),0)) -> 8 | R20: =IF(Q20="","",Q20+R19+'OS Offset'!B20) -> 42 | S20: =IF(G20="X",0,COUNT(H20:P20)) -> 2 | T20: 15 | U20: 11 | Z20: x | AJ20: =IF(ISBLANK(T20),"",IF(ISBLANK(Z20),SUM(AA20:AI20),0)) -> 0 | AK20: =IF(AJ20="","",AJ20+AK19+'OS Offset'!I20) -> 78 | AL20: =IF(Z20="X",0,COUNT(AA20:AI20)) -> 0
A21: SP* | Q21: =IF(ISBLANK(A21),"",IF(ISBLANK(G21),SUM(H21:P21),0)) -> 0 | R21: =IF(Q21="","",Q21+R20+'OS Offset'!B21) -> 42 | S21: =IF(G21="X",0,COUNT(H21:P21)) -> 0 | T21: SP | U21: 716 | AA21: 4 | AB21: 4 | AJ21: =IF(ISBLANK(T21),"",IF(ISBLANK(Z21),SUM(AA21:AI21),0)) -> 8 | AK21: =IF(AJ21="","",AJ21+AK20+'OS Offset'!I21) -> 86 | AL21: =IF(Z21="X",0,COUNT(AA21:AI21)) -> 2
A22: 16 | B22: 333 | H22: 0 | Q22: =IF(ISBLANK(A22),"",IF(ISBLANK(G22),SUM(H22:P22),0)) -> 0 | R22: =IF(Q22="","",Q22+R21+'OS Offset'!B22) -> 42 | S22: =IF(G22="X",0,COUNT(H22:P22)) -> 1 | T22: 16 | U22: 1 | W22: x | X22: x | AA22: 3 | AJ22: =IF(ISBLANK(T22),"",IF(ISBLANK(Z22),SUM(AA22:AI22),0)) -> 3 | AK22: =IF(AJ22="","",AJ22+AK21+'OS Offset'!I22) -> 89 | AL22: =IF(Z22="X",0,COUNT(AA22:AI22)) -> 1
A23: 17 | B23: 737 | H23: 0 | Q23: =IF(ISBLANK(A23),"",IF(ISBLANK(G23),SUM(H23:P23),0)) -> 0 | R23: =IF(Q23="","",Q23+R22+'OS Offset'!B23) -> 42 | S23: =IF(G23="X",0,COUNT(H23:P23)) -> 1 | T23: 17 | U23: 4 | W23: x | X23: x | AA23: 2 | AJ23: =IF(ISBLANK(T23),"",IF(ISBLANK(Z23),SUM(AA23:AI23),0)) -> 2 | AK23: =IF(AJ23="","",AJ23+AK22+'OS Offset'!I23) -> 91 | AL23: =IF(Z23="X",0,COUNT(AA23:AI23)) -> 1
A24: 18 | B24: 1190 | H24: 4 | I24: 0 | Q24: =IF(ISBLANK(A24),"",IF(ISBLANK(G24),SUM(H24:P24),0)) -> 4 | R24: =IF(Q24="","",Q24+R23+'OS Offset'!B24) -> 46 | S24: =IF(G24="X",0,COUNT(H24:P24)) -> 2 | T24: 18 | U24: 76 | W24: x | X24: x | AA24: 4 | AB24: 3 | AJ24: =IF(ISBLANK(T24),"",IF(ISBLANK(Z24),SUM(AA24:AI24),0)) -> 7 | AK24: =IF(AJ24="","",AJ24+AK23+'OS Offset'!I24) -> 98 | AL24: =IF(Z24="X",0,COUNT(AA24:AI24)) -> 2
A25: 19 | B25: 98 | H25: 0 | Q25: =IF(ISBLANK(A25),"",IF(ISBLANK(G25),SUM(H25:P25),0)) -> 0 | R25: =IF(Q25="","",Q25+R24+'OS Offset'!B25) -> 46 | S25: =IF(G25="X",0,COUNT(H25:P25)) -> 1 | T25: 19 | U25: 11 | W25: x | X25: x | AA25: 2 | AJ25: =IF(ISBLANK(T25),"",IF(ISBLANK(Z25),SUM(AA25:AI25),0)) -> 2 | AK25: =IF(AJ25="","",AJ25+AK24+'OS Offset'!I25) -> 100 | AL25: =IF(Z25="X",0,COUNT(AA25:AI25)) -> 1
A26: 20 | B26: 333 | D26: x | E26: x | H26: 3 | Q26: =IF(ISBLANK(A26),"",IF(ISBLANK(G26),SUM(H26:P26),0)) -> 3 | R26: =IF(Q26="","",Q26+R25+'OS Offset'!B26) -> 49 | S26: =IF(G26="X",0,COUNT(H26:P26)) -> 1 | T26: 20 | U26: 1 | AA26: 0 | AJ26: =IF(ISBLANK(T26),"",IF(ISBLANK(Z26),SUM(AA26:AI26),0)) -> 0 | AK26: =IF(AJ26="","",AJ26+AK25+'OS Offset'!I26) -> 100 | AL26: =IF(Z26="X",0,COUNT(AA26:AI26)) -> 1
A27: 21 | B27: 737 | D27: x | H27: 4 | I27: 4 | J27: 4 | Q27: =IF(ISBLANK(A27),"",IF(ISBLANK(G27),SUM(H27:P27),0)) -> 12 | R27: =IF(Q27="","",Q27+R26+'OS Offset'!B27) -> 61 | S27: =IF(G27="X",0,COUNT(H27:P27)) -> 3 | T27: 21 | U27: 4 | Z27: x | AJ27: =IF(ISBLANK(T27),"",IF(ISBLANK(Z27),SUM(AA27:AI27),0)) -> 0 | AK27: =IF(AJ27="","",AJ27+AK26+'OS Offset'!I27) -> 100 | AL27: =IF(Z27="X",0,COUNT(AA27:AI27)) -> 0
A28: SP* | Q28: =IF(ISBLANK(A28),"",IF(ISBLANK(G28),SUM(H28:P28),0)) -> 0 | R28: =IF(Q28="","",Q28+R27+'OS Offset'!B28) -> 61 | S28: =IF(G28="X",0,COUNT(H28:P28)) -> 0 | T28: SP | U28: 716 | AA28: 4 | AB28: 2 | AJ28: =IF(ISBLANK(T28),"",IF(ISBLANK(Z28),SUM(AA28:AI28),0)) -> 6 | AK28: =IF(AJ28="","",AJ28+AK27+'OS Offset'!I28) -> 106 | AL28: =IF(Z28="X",0,COUNT(AA28:AI28)) -> 2
A29: 22 | B29: 1190 | D29: x | E29: x | H29: 0 | Q29: =IF(ISBLANK(A29),"",IF(ISBLANK(G29),SUM(H29:P29),0)) -> 0 | R29: =IF(Q29="","",Q29+R28+'OS Offset'!B29) -> 61 | S29: =IF(G29="X",0,COUNT(H29:P29)) -> 1 | T29: 22 | U29: 716 | AA29: 0 | AJ29: =IF(ISBLANK(T29),"",IF(ISBLANK(Z29),SUM(AA29:AI29),0)) -> 0 | AK29: =IF(AJ29="","",AJ29+AK28+'OS Offset'!I29) -> 106 | AL29: =IF(Z29="X",0,COUNT(AA29:AI29)) -> 1
A30: 23 | B30: 98 | H30: 0 | Q30: =IF(ISBLANK(A30),"",IF(ISBLANK(G30),SUM(H30:P30),0)) -> 0 | R30: =IF(Q30="","",Q30+R29+'OS Offset'!B30) -> 61 | S30: =IF(G30="X",0,COUNT(H30:P30)) -> 1 | T30: 23 | U30: 76 | W30: x | X30: x | AA30: 1 | AJ30: =IF(ISBLANK(T30),"",IF(ISBLANK(Z30),SUM(AA30:AI30),0)) -> 1 | AK30: =IF(AJ30="","",AJ30+AK29+'OS Offset'!I30) -> 107 | AL30: =IF(Z30="X",0,COUNT(AA30:AI30)) -> 1
A31: 24 | B31: 333 | D31: x | H31: 4 | I31: 3 | Q31: =IF(ISBLANK(A31),"",IF(ISBLANK(G31),SUM(H31:P31),0)) -> 7 | R31: =IF(Q31="","",Q31+R30+'OS Offset'!B31) -> 68 | S31: =IF(G31="X",0,COUNT(H31:P31)) -> 2 | T31: 24 | U31: 11 | AA31: 4 | AB31: 4 | AC31: 4 | AD31: 1 | AJ31: =IF(ISBLANK(T31),"",IF(ISBLANK(Z31),SUM(AA31:AI31),0)) -> 13 | AK31: =IF(AJ31="","",AJ31+AK30+'OS Offset'!I31) -> 120 | AL31: =IF(Z31="X",0,COUNT(AA31:AI31)) -> 4
Q32: =IF(ISBLANK(A32),"",IF(ISBLANK(G32),SUM(H32:P32),0)) | R32: =IF(Q32="","",Q32+R31+'OS Offset'!B32) | S32: =IF(G32="X",0,COUNT(H32:P32)) -> 0 | AJ32: =IF(ISBLANK(T32),"",IF(ISBLANK(Z32),SUM(AA32:AI32),0)) | AK32: =IF(AJ32="","",AJ32+AK31+'OS Offset'!I32) | AL32: =IF(Z32="X",0,COUNT(AA32:AI32)) -> 0
Q33: =IF(ISBLANK(A33),"",IF(ISBLANK(G33),SUM(H33:P33),0)) | R33: =IF(Q33="","",Q33+R32+'OS Offset'!B33) | S33: =IF(G33="X",0,COUNT(H33:P33)) -> 0 | AJ33: =IF(ISBLANK(T33),"",IF(ISBLANK(Z33),SUM(AA33:AI33),0)) | AK33: =IF(AJ33="","",AJ33+AK32+'OS Offset'!I33) | AL33: =IF(Z33="X",0,COUNT(AA33:AI33)) -> 0
Q34: =IF(ISBLANK(A34),"",IF(ISBLANK(G34),SUM(H34:P34),0)) | R34: =IF(Q34="","",Q34+R33+'OS Offset'!B34) | S34: =IF(G34="X",0,COUNT(H34:P34)) -> 0 | AJ34: =IF(ISBLANK(T34),"",IF(ISBLANK(Z34),SUM(AA34:AI34),0)) | AK34: =IF(AJ34="","",AJ34+AK33+'OS Offset'!I34) | AL34: =IF(Z34="X",0,COUNT(AA34:AI34)) -> 0
Q35: =IF(ISBLANK(A35),"",IF(ISBLANK(G35),SUM(H35:P35),0)) | R35: =IF(Q35="","",Q35+R34+'OS Offset'!B35) | S35: =IF(G35="X",0,COUNT(H35:P35)) -> 0 | AJ35: =IF(ISBLANK(T35),"",IF(ISBLANK(Z35),SUM(AA35:AI35),0)) | AK35: =IF(AJ35="","",AJ35+AK34+'OS Offset'!I35) | AL35: =IF(Z35="X",0,COUNT(AA35:AI35)) -> 0
Q36: =IF(ISBLANK(A36),"",IF(ISBLANK(G36),SUM(H36:P36),0)) | R36: =IF(Q36="","",Q36+R35+'OS Offset'!B36) | S36: =IF(G36="X",0,COUNT(H36:P36)) -> 0 | AJ36: =IF(ISBLANK(T36),"",IF(ISBLANK(Z36),SUM(AA36:AI36),0)) | AK36: =IF(AJ36="","",AJ36+AK35+'OS Offset'!I36) | AL36: =IF(Z36="X",0,COUNT(AA36:AI36)) -> 0
Q37: =IF(ISBLANK(A37),"",IF(ISBLANK(G37),SUM(H37:P37),0)) | R37: =IF(Q37="","",Q37+R36+'OS Offset'!B37) | S37: =IF(G37="X",0,COUNT(H37:P37)) -> 0 | AJ37: =IF(ISBLANK(T37),"",IF(ISBLANK(Z37),SUM(AA37:AI37),0)) | AK37: =IF(AJ37="","",AJ37+AK36+'OS Offset'!I37) | AL37: =IF(Z37="X",0,COUNT(AA37:AI37)) -> 0
Q38: =IF(ISBLANK(A38),"",IF(ISBLANK(G38),SUM(H38:P38),0)) | R38: =IF(Q38="","",Q38+R37+'OS Offset'!B38) | S38: =IF(G38="X",0,COUNT(H38:P38)) -> 0 | AJ38: =IF(ISBLANK(T38),"",IF(ISBLANK(Z38),SUM(AA38:AI38),0)) | AK38: =IF(AJ38="","",AJ38+AK37+'OS Offset'!I38) | AL38: =IF(Z38="X",0,COUNT(AA38:AI38)) -> 0
Q39: =IF(ISBLANK(A39),"",IF(ISBLANK(G39),SUM(H39:P39),0)) | R39: =IF(Q39="","",Q39+R38+'OS Offset'!B39) | S39: =IF(G39="X",0,COUNT(H39:P39)) -> 0 | AJ39: =IF(ISBLANK(T39),"",IF(ISBLANK(Z39),SUM(AA39:AI39),0)) | AK39: =IF(AJ39="","",AJ39+AK38+'OS Offset'!I39) | AL39: =IF(Z39="X",0,COUNT(AA39:AI39)) -> 0
Q40: =IF(ISBLANK(A40),"",IF(ISBLANK(G40),SUM(H40:P40),0)) | R40: =IF(Q40="","",Q40+R39+'OS Offset'!B40) | S40: =IF(G40="X",0,COUNT(H40:P40)) -> 0 | AJ40: =IF(ISBLANK(T40),"",IF(ISBLANK(Z40),SUM(AA40:AI40),0)) | AK40: =IF(AJ40="","",AJ40+AK39+'OS Offset'!I40) | AL40: =IF(Z40="X",0,COUNT(AA40:AI40)) -> 0
Q41: =IF(ISBLANK(A41),"",IF(ISBLANK(G41),SUM(H41:P41),0)) | R41: =IF(Q41="","",Q41+R40+'OS Offset'!B41) | S41: =IF(G41="X",0,COUNT(H41:P41)) -> 0 | AJ41: =IF(ISBLANK(T41),"",IF(ISBLANK(Z41),SUM(AA41:AI41),0)) | AK41: =IF(AJ41="","",AJ41+AK40+'OS Offset'!I41) | AL41: =IF(Z41="X",0,COUNT(AA41:AI41)) -> 0
A42: =IF(COUNT(A4:A41),COUNT(A4:A41),"") -> 24 | B42: PERIOD TOTALS | C42: =IF($A$42="","",COUNTIF(C$4:C$41, "X")) -> 0 | D42: =IF($A$42="","",COUNTIF(D$4:D$41, "X")) -> 9 | E42: =IF($A$42="","",COUNTIF(E$4:E$41, "X")) -> 7 | F42: =IF($A$42="","",COUNTIF(F$4:F$41, "X")) -> 0 | G42: =IF($A$42="","",COUNTIF(G$4:G$41, "X")) -> 5 | H42: =IF(COUNT(H4:H41),SUM(H4:H41),"") -> 45 | I42: =IF(COUNT(I4:I41),SUM(I4:I41),"") -> 15 | J42: =IF(COUNT(J4:J41),SUM(J4:J41),"") -> 8 | K42: =IF(COUNT(K4:K41),SUM(K4:K41),"") | L42: =IF(COUNT(L4:L41),SUM(L4:L41),"") | M42: =IF(COUNT(M4:M41),SUM(M4:M41),"") | N42: =IF(COUNT(N4:N41),SUM(N4:N41),"") | O42: =IF(COUNT(O4:O41),SUM(O4:O41),"") | ... Q42: =IF(COUNT(Q4:Q41),SUM(Q4:Q41),"") -> 68 | R42: =IF(A42="","",MAX(R4:R41)) -> 68 | T42: =IF(COUNT(T4:T41),COUNT(T4:T41),"") -> 24 | U42: PERIOD TOTALS | V42: =IF($T$42="","",COUNTIF(V$4:V$41, "X")) -> 0 | W42: =IF($T$42="","",COUNTIF(W$4:W$41, "X")) -> 15 | X42: =IF($T$42="","",COUNTIF(X$4:X$41, "X")) -> 15 | Y42: =IF($T$42="","",COUNTIF(Y$4:Y$41, "X")) -> 0 | Z42: =IF($T$42="","",COUNTIF(Z$4:Z$41, "X")) -> 3 | AA42: =IF(COUNT(AA4:AA41),SUM(AA4:AA41),"") -> 63 | AB42: =IF(COUNT(AB4:AB41),SUM(AB4:AB41),"") -> 33 | AC42: =IF(COUNT(AC4:AC41),SUM(AC4:AC41),"") -> 15 | AD42: =IF(COUNT(AD4:AD41),SUM(AD4:AD41),"") -> 5 | AE42: =IF(COUNT(AE4:AE41),SUM(AE4:AE41),"") -> 4 | AF42: =IF(COUNT(AF4:AF41),SUM(AF4:AF41),"") | AG42: =IF(COUNT(AG4:AG41),SUM(AG4:AG41),"") | AH42: =IF(COUNT(AH4:AH41),SUM(AH4:AH41),"") | ... AJ42: =IF(COUNT(AJ4:AJ41),SUM(AJ4:AJ41),"") -> 120 | AK42: =IF(T42="","",MAX(AK4:AK41)) -> 120
A43: =A1 -> BOULDER COUNTY ROLLER DERBY / FLATIRON PHOENIXES | I43: =IF(ISBLANK(I1), "", I1) -> WHITE | K43: =IF(ISBLANK(IGRF!$B$7), "", IGRF!$B$7) -> 46123 | L43: Bill O' Fights | O43: Fast Freddie | R43: 2 | T43: =T1 -> ROCKY MOUNTAIN ROLLER DERBY / 5280 FIGHT CLUB | AB43: =IF(ISBLANK(AB1), "", AB1) -> BLACK | AD43: =IF(ISBLANK(IGRF!$B$7), "", IGRF!$B$7) -> 46123 | AE43: Malicious Compliance | AH43: Arwen | AK43: 2
I44: Color | K44: Date | L44: Scorekeeper | O44: Jammer Ref | R44: =R2 -> GAME 1 | AB44: Color | AD44: Date | AE44: Scorekeeper | AH44: Jammer Ref | AK44: =AK2 -> GAME 1
A45: JAM | B45: Jammer's Number | C45: LOST | D45: LEAD | E45: CALL | F45: INJ. | G45: NI | H45: Trip 2 | I45: Trip 3 | J45: Trip 4 | K45: Trip 5 | L45: Trip 6 | M45: Trip 7 | N45: Trip 8 | O45: Trip 9 | P45: Trip 10 | Q45: Jam Total | R45: =R42 -> 68 | S45: Trips | T45: JAM | U45: Jammer's Number | V45: LOST | W45: LEAD | X45: CALL | Y45: INJ. | Z45: NI | AA45: Trip 2 | AB45: Trip 3 | AC45: Trip 4 | AD45: Trip 5 | AE45: Trip 6 | AF45: Trip 7 | AG45: Trip 8 | AH45: Trip 9 | AI45: Trip 10 | AJ45: Jam Total | AK45: =AK42 -> 120 | AL45: Trips
A46: 1 | B46: 333 | H46: 0 | Q46: =IF(ISBLANK(A46),"",IF(ISBLANK(G46),SUM(H46:P46),0)) -> 0 | R46: =IF(Q46="","",Q46+R45+'OS Offset'!B46) -> 68 | S46: =IF(G46="X",0,COUNT(H46:P46)) -> 1 | T46: 1 | U46: 1 | W46: x | X46: x | AA46: 4 | AB46: 4 | AC46: 0 | AJ46: =IF(ISBLANK(T46),"",IF(ISBLANK(Z46),SUM(AA46:AI46),0)) -> 8 | AK46: =IF(AJ46="","",AJ46+AK45+'OS Offset'!I46) -> 128 | AL46: =IF(Z46="X",0,COUNT(AA46:AI46)) -> 3
A47: 2 | B47: 737 | D47: x | E47: x | H47: 1 | I47: 4 | Q47: =IF(ISBLANK(A47),"",IF(ISBLANK(G47),SUM(H47:P47),0)) -> 5 | R47: =IF(Q47="","",Q47+R46+'OS Offset'!B47) -> 73 | S47: =IF(G47="X",0,COUNT(H47:P47)) -> 2 | T47: 2 | U47: 4 | AA47: 4 | AB47: 4 | AJ47: =IF(ISBLANK(T47),"",IF(ISBLANK(Z47),SUM(AA47:AI47),0)) -> 8 | AK47: =IF(AJ47="","",AJ47+AK46+'OS Offset'!I47) -> 136 | AL47: =IF(Z47="X",0,COUNT(AA47:AI47)) -> 2
A48: 3 | B48: 1190 | H48: 0 | Q48: =IF(ISBLANK(A48),"",IF(ISBLANK(G48),SUM(H48:P48),0)) -> 0 | R48: =IF(Q48="","",Q48+R47+'OS Offset'!B48) -> 73 | S48: =IF(G48="X",0,COUNT(H48:P48)) -> 1 | T48: 3 | U48: 76 | W48: x | X48: x | AA48: 3 | AJ48: =IF(ISBLANK(T48),"",IF(ISBLANK(Z48),SUM(AA48:AI48),0)) -> 3 | AK48: =IF(AJ48="","",AJ48+AK47+'OS Offset'!I48) -> 139 | AL48: =IF(Z48="X",0,COUNT(AA48:AI48)) -> 1
A49: 4 | B49: 98 | D49: x | E49: x | H49: 4 | I49: 4 | J49: 4 | K49: 3 | Q49: =IF(ISBLANK(A49),"",IF(ISBLANK(G49),SUM(H49:P49),0)) -> 15 | R49: =IF(Q49="","",Q49+R48+'OS Offset'!B49) -> 88 | S49: =IF(G49="X",0,COUNT(H49:P49)) -> 4 | T49: 4 | U49: 11 | AA49: 4 | AB49: 4 | AJ49: =IF(ISBLANK(T49),"",IF(ISBLANK(Z49),SUM(AA49:AI49),0)) -> 8 | AK49: =IF(AJ49="","",AJ49+AK48+'OS Offset'!I49) -> 147 | AL49: =IF(Z49="X",0,COUNT(AA49:AI49)) -> 2
A50: 5 | B50: 333 | G50: x | Q50: =IF(ISBLANK(A50),"",IF(ISBLANK(G50),SUM(H50:P50),0)) -> 0 | R50: =IF(Q50="","",Q50+R49+'OS Offset'!B50) -> 88 | S50: =IF(G50="X",0,COUNT(H50:P50)) -> 0 | T50: 5 | U50: 1 | W50: x | X50: x | AA50: 4 | AB50: 4 | AC50: 4 | AD50: 4 | AJ50: =IF(ISBLANK(T50),"",IF(ISBLANK(Z50),SUM(AA50:AI50),0)) -> 16 | AK50: =IF(AJ50="","",AJ50+AK49+'OS Offset'!I50) -> 163 | AL50: =IF(Z50="X",0,COUNT(AA50:AI50)) -> 4
A51: 6 | B51: 737 | G51: x | Q51: =IF(ISBLANK(A51),"",IF(ISBLANK(G51),SUM(H51:P51),0)) -> 0 | R51: =IF(Q51="","",Q51+R50+'OS Offset'!B51) -> 88 | S51: =IF(G51="X",0,COUNT(H51:P51)) -> 0 | T51: 6 | U51: 4 | W51: x | X51: x | AA51: 4 | AJ51: =IF(ISBLANK(T51),"",IF(ISBLANK(Z51),SUM(AA51:AI51),0)) -> 4 | AK51: =IF(AJ51="","",AJ51+AK50+'OS Offset'!I51) -> 167 | AL51: =IF(Z51="X",0,COUNT(AA51:AI51)) -> 1
A52: 7 | B52: 1190 | H52: 0 | Q52: =IF(ISBLANK(A52),"",IF(ISBLANK(G52),SUM(H52:P52),0)) -> 0 | R52: =IF(Q52="","",Q52+R51+'OS Offset'!B52) -> 88 | S52: =IF(G52="X",0,COUNT(H52:P52)) -> 1 | T52: 7 | U52: 76 | W52: x | X52: x | AA52: 0 | AJ52: =IF(ISBLANK(T52),"",IF(ISBLANK(Z52),SUM(AA52:AI52),0)) -> 0 | AK52: =IF(AJ52="","",AJ52+AK51+'OS Offset'!I52) -> 167 | AL52: =IF(Z52="X",0,COUNT(AA52:AI52)) -> 1
A53: 8 | B53: 333 | C53: x | D53: x | H53: 4 | Q53: =IF(ISBLANK(A53),"",IF(ISBLANK(G53),SUM(H53:P53),0)) -> 4 | R53: =IF(Q53="","",Q53+R52+'OS Offset'!B53) -> 92 | S53: =IF(G53="X",0,COUNT(H53:P53)) -> 1 | T53: 8 | U53: 11 | AA53: 4 | AB53: 4 | AC53: 4 | AJ53: =IF(ISBLANK(T53),"",IF(ISBLANK(Z53),SUM(AA53:AI53),0)) -> 12 | AK53: =IF(AJ53="","",AJ53+AK52+'OS Offset'!I53) -> 179 | AL53: =IF(Z53="X",0,COUNT(AA53:AI53)) -> 3
A54: 9 | B54: 333 | H54: 0 | Q54: =IF(ISBLANK(A54),"",IF(ISBLANK(G54),SUM(H54:P54),0)) -> 0 | R54: =IF(Q54="","",Q54+R53+'OS Offset'!B54) -> 92 | S54: =IF(G54="X",0,COUNT(H54:P54)) -> 1 | T54: 9 | U54: 1 | W54: x | X54: x | AA54: 4 | AB54: 4 | AJ54: =IF(ISBLANK(T54),"",IF(ISBLANK(Z54),SUM(AA54:AI54),0)) -> 8 | AK54: =IF(AJ54="","",AJ54+AK53+'OS Offset'!I54) -> 187 | AL54: =IF(Z54="X",0,COUNT(AA54:AI54)) -> 2
A55: 10 | B55: 98 | H55: 1 | Q55: =IF(ISBLANK(A55),"",IF(ISBLANK(G55),SUM(H55:P55),0)) -> 1 | R55: =IF(Q55="","",Q55+R54+'OS Offset'!B55) -> 93 | S55: =IF(G55="X",0,COUNT(H55:P55)) -> 1 | T55: 10 | U55: 4 | W55: x | X55: x | AA55: 4 | AJ55: =IF(ISBLANK(T55),"",IF(ISBLANK(Z55),SUM(AA55:AI55),0)) -> 4 | AK55: =IF(AJ55="","",AJ55+AK54+'OS Offset'!I55) -> 191 | AL55: =IF(Z55="X",0,COUNT(AA55:AI55)) -> 1
A56: 11 | B56: 737 | D56: x | E56: x | H56: 4 | I56: 4 | J56: 4 | K56: 3 | Q56: =IF(ISBLANK(A56),"",IF(ISBLANK(G56),SUM(H56:P56),0)) -> 15 | R56: =IF(Q56="","",Q56+R55+'OS Offset'!B56) -> 108 | S56: =IF(G56="X",0,COUNT(H56:P56)) -> 4 | T56: 11 | U56: 76 | AA56: 2 | AJ56: =IF(ISBLANK(T56),"",IF(ISBLANK(Z56),SUM(AA56:AI56),0)) -> 2 | AK56: =IF(AJ56="","",AJ56+AK55+'OS Offset'!I56) -> 193 | AL56: =IF(Z56="X",0,COUNT(AA56:AI56)) -> 1
A57: 12 | B57: 1190 | D57: x | E57: x | H57: 4 | Q57: =IF(ISBLANK(A57),"",IF(ISBLANK(G57),SUM(H57:P57),0)) -> 4 | R57: =IF(Q57="","",Q57+R56+'OS Offset'!B57) -> 112 | S57: =IF(G57="X",0,COUNT(H57:P57)) -> 1 | T57: 12 | U57: 76 | AA57: 0 | AJ57: =IF(ISBLANK(T57),"",IF(ISBLANK(Z57),SUM(AA57:AI57),0)) -> 0 | AK57: =IF(AJ57="","",AJ57+AK56+'OS Offset'!I57) -> 193 | AL57: =IF(Z57="X",0,COUNT(AA57:AI57)) -> 1
A58: 13 | B58: 98 | H58: 4 | I58: 4 | J58: 4 | K58: 2 | Q58: =IF(ISBLANK(A58),"",IF(ISBLANK(G58),SUM(H58:P58),0)) -> 14 | R58: =IF(Q58="","",Q58+R57+'OS Offset'!B58) -> 126 | S58: =IF(G58="X",0,COUNT(H58:P58)) -> 4 | T58: 13 | U58: 1 | V58: x | W58: x | AA58: 4 | AB58: 4 | AC58: 4 | AD58: 4 | AJ58: =IF(ISBLANK(T58),"",IF(ISBLANK(Z58),SUM(AA58:AI58),0)) -> 16 | AK58: =IF(AJ58="","",AJ58+AK57+'OS Offset'!I58) -> 209 | AL58: =IF(Z58="X",0,COUNT(AA58:AI58)) -> 4
A59: 14 | B59: 737 | D59: x | E59: x | H59: 4 | I59: 3 | Q59: =IF(ISBLANK(A59),"",IF(ISBLANK(G59),SUM(H59:P59),0)) -> 7 | R59: =IF(Q59="","",Q59+R58+'OS Offset'!B59) -> 133 | S59: =IF(G59="X",0,COUNT(H59:P59)) -> 2 | T59: 14 | U59: 1 | AA59: 0 | AJ59: =IF(ISBLANK(T59),"",IF(ISBLANK(Z59),SUM(AA59:AI59),0)) -> 0 | AK59: =IF(AJ59="","",AJ59+AK58+'OS Offset'!I59) -> 209 | AL59: =IF(Z59="X",0,COUNT(AA59:AI59)) -> 1
A60: SP* | Q60: =IF(ISBLANK(A60),"",IF(ISBLANK(G60),SUM(H60:P60),0)) -> 0 | R60: =IF(Q60="","",Q60+R59+'OS Offset'!B60) -> 133 | S60: =IF(G60="X",0,COUNT(H60:P60)) -> 0 | T60: SP | U60: 3 | AA60: 3 | AJ60: =IF(ISBLANK(T60),"",IF(ISBLANK(Z60),SUM(AA60:AI60),0)) -> 3 | AK60: =IF(AJ60="","",AJ60+AK59+'OS Offset'!I60) -> 212 | AL60: =IF(Z60="X",0,COUNT(AA60:AI60)) -> 1
A61: 15 | B61: 86 | G61: x | Q61: =IF(ISBLANK(A61),"",IF(ISBLANK(G61),SUM(H61:P61),0)) -> 0 | R61: =IF(Q61="","",Q61+R60+'OS Offset'!B61) -> 133 | S61: =IF(G61="X",0,COUNT(H61:P61)) -> 0 | T61: 15 | U61: 76 | W61: x | X61: x | AA61: 4 | AB61: 4 | AJ61: =IF(ISBLANK(T61),"",IF(ISBLANK(Z61),SUM(AA61:AI61),0)) -> 8 | AK61: =IF(AJ61="","",AJ61+AK60+'OS Offset'!I61) -> 220 | AL61: =IF(Z61="X",0,COUNT(AA61:AI61)) -> 2
A62: SP | B62: 113 | H62: 0 | Q62: =IF(ISBLANK(A62),"",IF(ISBLANK(G62),SUM(H62:P62),0)) -> 0 | R62: =IF(Q62="","",Q62+R61+'OS Offset'!B62) -> 133 | S62: =IF(G62="X",0,COUNT(H62:P62)) -> 1 | T62: SP* | AJ62: =IF(ISBLANK(T62),"",IF(ISBLANK(Z62),SUM(AA62:AI62),0)) -> 0 | AK62: =IF(AJ62="","",AJ62+AK61+'OS Offset'!I62) -> 220 | AL62: =IF(Z62="X",0,COUNT(AA62:AI62)) -> 0
A63: 16 | B63: 113 | H63: 0 | Q63: =IF(ISBLANK(A63),"",IF(ISBLANK(G63),SUM(H63:P63),0)) -> 0 | R63: =IF(Q63="","",Q63+R62+'OS Offset'!B63) -> 133 | S63: =IF(G63="X",0,COUNT(H63:P63)) -> 1 | T63: 16 | U63: 4 | W63: x | X63: x | AA63: 4 | AB63: 3 | AJ63: =IF(ISBLANK(T63),"",IF(ISBLANK(Z63),SUM(AA63:AI63),0)) -> 7 | AK63: =IF(AJ63="","",AJ63+AK62+'OS Offset'!I63) -> 227 | AL63: =IF(Z63="X",0,COUNT(AA63:AI63)) -> 2
A64: 17 | B64: 1190 | G64: x | Q64: =IF(ISBLANK(A64),"",IF(ISBLANK(G64),SUM(H64:P64),0)) -> 0 | R64: =IF(Q64="","",Q64+R63+'OS Offset'!B64) -> 133 | S64: =IF(G64="X",0,COUNT(H64:P64)) -> 0 | T64: 17 | U64: 11 | W64: x | X64: x | AA64: 4 | AB64: 4 | AC64: 4 | AD64: 3 | AJ64: =IF(ISBLANK(T64),"",IF(ISBLANK(Z64),SUM(AA64:AI64),0)) -> 15 | AK64: =IF(AJ64="","",AJ64+AK63+'OS Offset'!I64) -> 242 | AL64: =IF(Z64="X",0,COUNT(AA64:AI64)) -> 4
A65: SP | B65: 33 | H65: 0 | Q65: =IF(ISBLANK(A65),"",IF(ISBLANK(G65),SUM(H65:P65),0)) -> 0 | R65: =IF(Q65="","",Q65+R64+'OS Offset'!B65) -> 133 | S65: =IF(G65="X",0,COUNT(H65:P65)) -> 1 | T65: SP* | AJ65: =IF(ISBLANK(T65),"",IF(ISBLANK(Z65),SUM(AA65:AI65),0)) -> 0 | AK65: =IF(AJ65="","",AJ65+AK64+'OS Offset'!I65) -> 242 | AL65: =IF(Z65="X",0,COUNT(AA65:AI65)) -> 0
A66: 18 | B66: 98 | H66: 0 | Q66: =IF(ISBLANK(A66),"",IF(ISBLANK(G66),SUM(H66:P66),0)) -> 0 | R66: =IF(Q66="","",Q66+R65+'OS Offset'!B66) -> 133 | S66: =IF(G66="X",0,COUNT(H66:P66)) -> 1 | T66: 18 | U66: 1 | W66: x | X66: x | AA66: 4 | AJ66: =IF(ISBLANK(T66),"",IF(ISBLANK(Z66),SUM(AA66:AI66),0)) -> 4 | AK66: =IF(AJ66="","",AJ66+AK65+'OS Offset'!I66) -> 246 | AL66: =IF(Z66="X",0,COUNT(AA66:AI66)) -> 1
A67: 19 | B67: 737 | H67: 0 | Q67: =IF(ISBLANK(A67),"",IF(ISBLANK(G67),SUM(H67:P67),0)) -> 0 | R67: =IF(Q67="","",Q67+R66+'OS Offset'!B67) -> 133 | S67: =IF(G67="X",0,COUNT(H67:P67)) -> 1 | T67: 19 | U67: 76 | W67: x | X67: x | AA67: 4 | AB67: 4 | AC67: 4 | AJ67: =IF(ISBLANK(T67),"",IF(ISBLANK(Z67),SUM(AA67:AI67),0)) -> 12 | AK67: =IF(AJ67="","",AJ67+AK66+'OS Offset'!I67) -> 258 | AL67: =IF(Z67="X",0,COUNT(AA67:AI67)) -> 3
A68: 20 | B68: 333 | H68: 4 | Q68: =IF(ISBLANK(A68),"",IF(ISBLANK(G68),SUM(H68:P68),0)) -> 4 | R68: =IF(Q68="","",Q68+R67+'OS Offset'!B68) -> 137 | S68: =IF(G68="X",0,COUNT(H68:P68)) -> 1 | T68: 20 | U68: 1 | W68: x | X68: x | AA68: 4 | AB68: 4 | AC68: 4 | AJ68: =IF(ISBLANK(T68),"",IF(ISBLANK(Z68),SUM(AA68:AI68),0)) -> 12 | AK68: =IF(AJ68="","",AJ68+AK67+'OS Offset'!I68) -> 270 | AL68: =IF(Z68="X",0,COUNT(AA68:AI68)) -> 3
Q69: =IF(ISBLANK(A69),"",IF(ISBLANK(G69),SUM(H69:P69),0)) | R69: =IF(Q69="","",Q69+R68+'OS Offset'!B69) | S69: =IF(G69="X",0,COUNT(H69:P69)) -> 0 | AJ69: =IF(ISBLANK(T69),"",IF(ISBLANK(Z69),SUM(AA69:AI69),0)) | AK69: =IF(AJ69="","",AJ69+AK68+'OS Offset'!I69) | AL69: =IF(Z69="X",0,COUNT(AA69:AI69)) -> 0
Q70: =IF(ISBLANK(A70),"",IF(ISBLANK(G70),SUM(H70:P70),0)) | R70: =IF(Q70="","",Q70+R69+'OS Offset'!B70) | S70: =IF(G70="X",0,COUNT(H70:P70)) -> 0 | AJ70: =IF(ISBLANK(T70),"",IF(ISBLANK(Z70),SUM(AA70:AI70),0)) | AK70: =IF(AJ70="","",AJ70+AK69+'OS Offset'!I70) | AL70: =IF(Z70="X",0,COUNT(AA70:AI70)) -> 0
Q71: =IF(ISBLANK(A71),"",IF(ISBLANK(G71),SUM(H71:P71),0)) | R71: =IF(Q71="","",Q71+R70+'OS Offset'!B71) | S71: =IF(G71="X",0,COUNT(H71:P71)) -> 0 | AJ71: =IF(ISBLANK(T71),"",IF(ISBLANK(Z71),SUM(AA71:AI71),0)) | AK71: =IF(AJ71="","",AJ71+AK70+'OS Offset'!I71) | AL71: =IF(Z71="X",0,COUNT(AA71:AI71)) -> 0
Q72: =IF(ISBLANK(A72),"",IF(ISBLANK(G72),SUM(H72:P72),0)) | R72: =IF(Q72="","",Q72+R71+'OS Offset'!B72) | S72: =IF(G72="X",0,COUNT(H72:P72)) -> 0 | AJ72: =IF(ISBLANK(T72),"",IF(ISBLANK(Z72),SUM(AA72:AI72),0)) | AK72: =IF(AJ72="","",AJ72+AK71+'OS Offset'!I72) | AL72: =IF(Z72="X",0,COUNT(AA72:AI72)) -> 0
Q73: =IF(ISBLANK(A73),"",IF(ISBLANK(G73),SUM(H73:P73),0)) | R73: =IF(Q73="","",Q73+R72+'OS Offset'!B73) | S73: =IF(G73="X",0,COUNT(H73:P73)) -> 0 | AJ73: =IF(ISBLANK(T73),"",IF(ISBLANK(Z73),SUM(AA73:AI73),0)) | AK73: =IF(AJ73="","",AJ73+AK72+'OS Offset'!I73) | AL73: =IF(Z73="X",0,COUNT(AA73:AI73)) -> 0
Q74: =IF(ISBLANK(A74),"",IF(ISBLANK(G74),SUM(H74:P74),0)) | R74: =IF(Q74="","",Q74+R73+'OS Offset'!B74) | S74: =IF(G74="X",0,COUNT(H74:P74)) -> 0 | AJ74: =IF(ISBLANK(T74),"",IF(ISBLANK(Z74),SUM(AA74:AI74),0)) | AK74: =IF(AJ74="","",AJ74+AK73+'OS Offset'!I74) | AL74: =IF(Z74="X",0,COUNT(AA74:AI74)) -> 0
Q75: =IF(ISBLANK(A75),"",IF(ISBLANK(G75),SUM(H75:P75),0)) | R75: =IF(Q75="","",Q75+R74+'OS Offset'!B75) | S75: =IF(G75="X",0,COUNT(H75:P75)) -> 0 | AJ75: =IF(ISBLANK(T75),"",IF(ISBLANK(Z75),SUM(AA75:AI75),0)) | AK75: =IF(AJ75="","",AJ75+AK74+'OS Offset'!I75) | AL75: =IF(Z75="X",0,COUNT(AA75:AI75)) -> 0
Q76: =IF(ISBLANK(A76),"",IF(ISBLANK(G76),SUM(H76:P76),0)) | R76: =IF(Q76="","",Q76+R75+'OS Offset'!B76) | S76: =IF(G76="X",0,COUNT(H76:P76)) -> 0 | AJ76: =IF(ISBLANK(T76),"",IF(ISBLANK(Z76),SUM(AA76:AI76),0)) | AK76: =IF(AJ76="","",AJ76+AK75+'OS Offset'!I76) | AL76: =IF(Z76="X",0,COUNT(AA76:AI76)) -> 0
Q77: =IF(ISBLANK(A77),"",IF(ISBLANK(G77),SUM(H77:P77),0)) | R77: =IF(Q77="","",Q77+R76+'OS Offset'!B77) | S77: =IF(G77="X",0,COUNT(H77:P77)) -> 0 | AJ77: =IF(ISBLANK(T77),"",IF(ISBLANK(Z77),SUM(AA77:AI77),0)) | AK77: =IF(AJ77="","",AJ77+AK76+'OS Offset'!I77) | AL77: =IF(Z77="X",0,COUNT(AA77:AI77)) -> 0
Q78: =IF(ISBLANK(A78),"",IF(ISBLANK(G78),SUM(H78:P78),0)) | R78: =IF(Q78="","",Q78+R77+'OS Offset'!B78) | S78: =IF(G78="X",0,COUNT(H78:P78)) -> 0 | AJ78: =IF(ISBLANK(T78),"",IF(ISBLANK(Z78),SUM(AA78:AI78),0)) | AK78: =IF(AJ78="","",AJ78+AK77+'OS Offset'!I78) | AL78: =IF(Z78="X",0,COUNT(AA78:AI78)) -> 0
Q79: =IF(ISBLANK(A79),"",IF(ISBLANK(G79),SUM(H79:P79),0)) | R79: =IF(Q79="","",Q79+R78+'OS Offset'!B79) | S79: =IF(G79="X",0,COUNT(H79:P79)) -> 0 | AJ79: =IF(ISBLANK(T79),"",IF(ISBLANK(Z79),SUM(AA79:AI79),0)) | AK79: =IF(AJ79="","",AJ79+AK78+'OS Offset'!I79) | AL79: =IF(Z79="X",0,COUNT(AA79:AI79)) -> 0
Q80: =IF(ISBLANK(A80),"",IF(ISBLANK(G80),SUM(H80:P80),0)) | R80: =IF(Q80="","",Q80+R79+'OS Offset'!B80) | S80: =IF(G80="X",0,COUNT(H80:P80)) -> 0 | AJ80: =IF(ISBLANK(T80),"",IF(ISBLANK(Z80),SUM(AA80:AI80),0)) | AK80: =IF(AJ80="","",AJ80+AK79+'OS Offset'!I80) | AL80: =IF(Z80="X",0,COUNT(AA80:AI80)) -> 0
... Q83: =IF(ISBLANK(A83),"",IF(ISBLANK(G83),SUM(H83:P83),0)) | R83: =IF(Q83="","",Q83+R82+'OS Offset'!B83) | S83: =IF(G83="X",0,COUNT(H83:P83)) -> 0 | AJ83: =IF(ISBLANK(T83),"",IF(ISBLANK(Z83),SUM(AA83:AI83),0)) | AK83: =IF(AJ83="","",AJ83+AK82+'OS Offset'!I83) | AL83: =IF(Z83="X",0,COUNT(AA83:AI83)) -> 0
A84: =IF(COUNT(A46:A83),COUNT(A46:A83),"") -> 20 | B84: PERIOD TOTALS | C84: =IF($A$84="","",COUNTIF(C$46:C$83, "X")) -> 1 | D84: =IF($A$84="","",COUNTIF(D$46:D$83, "X")) -> 6 | E84: =IF($A$84="","",COUNTIF(E$46:E$83, "X")) -> 5 | F84: =IF($A$84="","",COUNTIF(F$46:F$83, "X")) -> 0 | G84: =IF($A$84="","",COUNTIF(G$46:G$83, "X")) -> 4 | H84: =IF(COUNT(H46:H83),SUM(H46:H83),"") -> 30 | I84: =IF(COUNT(I46:I83),SUM(I46:I83),"") -> 19 | J84: =IF(COUNT(J46:J83),SUM(J46:J83),"") -> 12 | K84: =IF(COUNT(K46:K83),SUM(K46:K83),"") -> 8 | L84: =IF(COUNT(L46:L83),SUM(L46:L83),"") | M84: =IF(COUNT(M46:M83),SUM(M46:M83),"") | N84: =IF(COUNT(N46:N83),SUM(N46:N83),"") | O84: =IF(COUNT(O46:O83),SUM(O46:O83),"") | ... Q84: =IF(COUNT(Q46:Q83),SUM(Q46:Q83),"") -> 69 | R84: =IF(A84="","",MAX(R46:R83)) -> 137 | T84: =IF(COUNT(T46:T83),COUNT(T46:T83),"") -> 20 | U84: PERIOD TOTALS | V84: =IF($T$84="","",COUNTIF(V$46:V$83, "X")) -> 1 | W84: =IF($T$84="","",COUNTIF(W$46:W$83, "X")) -> 14 | X84: =IF($T$84="","",COUNTIF(X$46:X$83, "X")) -> 13 | Y84: =IF($T$84="","",COUNTIF(Y$46:Y$83, "X")) -> 0 | Z84: =IF($T$84="","",COUNTIF(Z$46:Z$83, "X")) -> 0 | AA84: =IF(COUNT(AA46:AA83),SUM(AA46:AA83),"") -> 68 | AB84: =IF(COUNT(AB46:AB83),SUM(AB46:AB83),"") -> 47 | AC84: =IF(COUNT(AC46:AC83),SUM(AC46:AC83),"") -> 24 | AD84: =IF(COUNT(AD46:AD83),SUM(AD46:AD83),"") -> 11 | AE84: =IF(COUNT(AE46:AE83),SUM(AE46:AE83),"") | AF84: =IF(COUNT(AF46:AF83),SUM(AF46:AF83),"") | AG84: =IF(COUNT(AG46:AG83),SUM(AG46:AG83),"") | AH84: =IF(COUNT(AH46:AH83),SUM(AH46:AH83),"") | ... AJ84: =IF(COUNT(AJ46:AJ83),SUM(AJ46:AJ83),"") -> 150 | AK84: =IF(T84="","",MAX(AK46:AK83)) -> 270

Sheet Penalties
A1: =Score!$A$1 -> BOULDER COUNTY ROLLER DERBY / FLATIRON PHOENIXES | I1: =IF(ISBLANK(IGRF!$B$12), "", IGRF!$B$12) -> WHITE | L1: =IF(ISBLANK(IGRF!$B$7), "", IGRF!$B$7) -> 46123 | N1: MOX NIX / ULTRAVIOLENT BLU | Q1: =Score!$T$1 -> ROCKY MOUNTAIN ROLLER DERBY / 5280 FIGHT CLUB | Z1: =IF(ISBLANK(IGRF!$I$12), "", IGRF!$I$12) -> BLACK | AB1: 1 | AC1: =A1 -> BOULDER COUNTY ROLLER DERBY / FLATIRON PHOENIXES | AK1: =I1 -> WHITE | AN1: =L1 -> 46123 | AP1: MOX NIX / ULTRAVIOLENT BLU | AS1: =Q1 -> ROCKY MOUNTAIN ROLLER DERBY / 5280 FIGHT CLUB | BB1: =Z1 -> BLACK | BD1: 2
I2: Color | L2: Date | N2: Penalty Tracker | Z2: Color | AB2: =IF(ISBLANK(IGRF!$L$3), "", "GAME " & IGRF!$L$3) -> GAME 1 | AK2: Color | AN2: Date | AP2: Penalty Tracker | BB2: Color | BD2: =AB2 -> GAME 1
A3: # | B3: PENALTY / JAM # | K3: FO/EXP | L3: TOTAL | M3: NOTES | P3: # | Q3: PENALTY / JAM # | Z3: FO/EXP | AA3: TOTAL | AB3: Codes | AC3: # | AD3: PENALTY / JAM # | AM3: FO/EXP | AN3: TOTAL | AO3: NOTES | AR3: # | AS3: PENALTY / JAM # | BB3: FO/EXP | BC3: TOTAL | BD3: Codes
A4: =IF(IGRF!B14="","",IGRF!B14) -> 113 | L4: =IF(COUNTA(B4:J4)=0,"",COUNTA(B4:J4)) | M4: 1 | P4: =IF(IGRF!I14="","",IGRF!I14) -> 008 | Q4: P | R4: M | S4: F | T4: M | AA4: =IF(COUNTA(Q4:Y4)=0,"",COUNTA(Q4:Y4)) -> 4 | AB4: G | AC4: =IF(IGRF!B14="","",IGRF!B14) -> 113 | AD4: X | AN4: =IF(COUNTA(AD4:AL4)=0,"",COUNTA(AD4:AL4)) -> 1 | AO4: 1 | AR4: =IF(IGRF!I14="","",IGRF!I14) -> 008 | AW4: P | AX4: P | BC4: =IF(COUNTA(AS4:BA4)=0,"",COUNTA(AS4:BA4)) -> 2 | BD4: G
M5: 2 | Q5: 5 | R5: 6 | S5: 9 | T5: 19 | AB5: (Gross) | AD5: 15 | AO5: 2 | AW5: 4 | AX5: 10 | BD5: (Gross)
A6: =IF(IGRF!B15="","",IGRF!B15) -> 114 | L6: =IF(COUNTA(B6:J6)=0,"",COUNTA(B6:J6)) | M6: 3 | P6: =IF(IGRF!I15="","",IGRF!I15) -> 1 | AA6: =IF(COUNTA(Q6:Y6)=0,"",COUNTA(Q6:Y6)) | AB6: Misconduct | AC6: =IF(IGRF!B15="","",IGRF!B15) -> 114 | AD6: D | AE6: P | AF6: N | AN6: =IF(COUNTA(AD6:AL6)=0,"",COUNTA(AD6:AL6)) -> 3 | AO6: 3 | AR6: =IF(IGRF!I15="","",IGRF!I15) -> 1 | AS6: A | BC6: =IF(COUNTA(AS6:BA6)=0,"",COUNTA(AS6:BA6)) -> 1 | BD6: Misconduct
M7: 4 | AB7: Insubordination | AD7: 1 | AE7: 9 | AF7: 20 | AO7: 4 | AS7: 14 | BD7: Insubordination
A8: =IF(IGRF!B16="","",IGRF!B16) -> 1190 | L8: =IF(COUNTA(B8:J8)=0,"",COUNTA(B8:J8)) | M8: 5 | P8: =IF(IGRF!I16="","",IGRF!I16) -> 11 | Q8: B | AA8: =IF(COUNTA(Q8:Y8)=0,"",COUNTA(Q8:Y8)) -> 1 | AB8: A | AC8: =IF(IGRF!B16="","",IGRF!B16) -> 1190 | AN8: =IF(COUNTA(AD8:AL8)=0,"",COUNTA(AD8:AL8)) | AO8: 5 | AR8: =IF(IGRF!I16="","",IGRF!I16) -> 11 | AT8: F | AU8: X | BC8: =IF(COUNTA(AS8:BA8)=0,"",COUNTA(AS8:BA8)) -> 2 | BD8: A
M9: 6 | Q9: 15 | AB9: High Block | AO9: 6 | AT9: 4 | AU9: 8 | BD9: High Block
A10: =IF(IGRF!B17="","",IGRF!B17) -> 213 | B10: M | C10: D | L10: =IF(COUNTA(B10:J10)=0,"",COUNTA(B10:J10)) -> 2 | M10: 7 | P10: =IF(IGRF!I17="","",IGRF!I17) -> 3 | AA10: =IF(COUNTA(Q10:Y10)=0,"",COUNTA(Q10:Y10)) | AB10: B | AC10: =IF(IGRF!B17="","",IGRF!B17) -> 213 | AN10: =IF(COUNTA(AD10:AL10)=0,"",COUNTA(AD10:AL10)) | AO10: 7 | AR10: =IF(IGRF!I17="","",IGRF!I17) -> 3 | AS10: F | AT10: M | BC10: =IF(COUNTA(AS10:BA10)=0,"",COUNTA(AS10:BA10)) -> 2 | BD10: B
B11: 10 | C11: 24 | M11: 8 | AB11: Back Block | AO11: 8 | AS11: 4 | AT11: 11 | BD11: Back Block
A12: =IF(IGRF!B18="","",IGRF!B18) -> 22 | L12: =IF(COUNTA(B12:J12)=0,"",COUNTA(B12:J12)) | M12: 9 | P12: =IF(IGRF!I18="","",IGRF!I18) -> 303 | Q12: F | AA12: =IF(COUNTA(Q12:Y12)=0,"",COUNTA(Q12:Y12)) -> 1 | AB12: L | AC12: =IF(IGRF!B18="","",IGRF!B18) -> 22 | AN12: =IF(COUNTA(AD12:AL12)=0,"",COUNTA(AD12:AL12)) | AO12: 9 | AR12: =IF(IGRF!I18="","",IGRF!I18) -> 303 | AT12: P | BC12: =IF(COUNTA(AS12:BA12)=0,"",COUNTA(AS12:BA12)) -> 1 | BD12: L
M13: 10 | Q13: 17 | AB13: Low Block | AO13: 10 | AT13: 12 | BD13: Low Block
A14: =IF(IGRF!B19="","",IGRF!B19) -> 33 | B14: C | L14: =IF(COUNTA(B14:J14)=0,"",COUNTA(B14:J14)) -> 1 | M14: 11 | P14: =IF(IGRF!I19="","",IGRF!I19) -> 4 | AA14: =IF(COUNTA(Q14:Y14)=0,"",COUNTA(Q14:Y14)) | AB14: E | AC14: =IF(IGRF!B19="","",IGRF!B19) -> 33 | AE14: P | AF14: P | AN14: =IF(COUNTA(AD14:AL14)=0,"",COUNTA(AD14:AL14)) -> 2 | AO14: 11 | AR14: =IF(IGRF!I19="","",IGRF!I19) -> 4 | BC14: =IF(COUNTA(AS14:BA14)=0,"",COUNTA(AS14:BA14)) | BD14: E
B15: 7 | M15: 12 | AB15: Leg Block | AE15: 5 | AF15: 19 | AO15: 12 | BD15: Leg Block
A16: =IF(IGRF!B20="","",IGRF!B20) -> 333 | B16: B | C16: A | L16: =IF(COUNTA(B16:J16)=0,"",COUNTA(B16:J16)) -> 2 | M16: 13 | P16: =IF(IGRF!I20="","",IGRF!I20) -> 406 | AA16: =IF(COUNTA(Q16:Y16)=0,"",COUNTA(Q16:Y16)) | AB16: F | AC16: =IF(IGRF!B20="","",IGRF!B20) -> 333 | AF16: A | AG16: A | AH16: A | AI16: X | AN16: =IF(COUNTA(AD16:AL16)=0,"",COUNTA(AD16:AL16)) -> 4 | AO16: 13 | AR16: =IF(IGRF!I20="","",IGRF!I20) -> 406 | BC16: =IF(COUNTA(AS16:BA16)=0,"",COUNTA(AS16:BA16)) | BD16: F
B17: 11 | C17: 24 | M17: 14 | AB17: Forearms | AF17: 5 | AG17: 8 | AH17: 8 | AI17: 20 | AO17: 14 | BD17: Forearms
A18: =IF(IGRF!B21="","",IGRF!B21) -> 393 | L18: =IF(COUNTA(B18:J18)=0,"",COUNTA(B18:J18)) | M18: 15 | P18: =IF(IGRF!I21="","",IGRF!I21) -> 555 | AA18: =IF(COUNTA(Q18:Y18)=0,"",COUNTA(Q18:Y18)) | AB18: H | AC18: =IF(IGRF!B21="","",IGRF!B21) -> 393 | AN18: =IF(COUNTA(AD18:AL18)=0,"",COUNTA(AD18:AL18)) | AO18: 15 | AR18: =IF(IGRF!I21="","",IGRF!I21) -> 555 | AS18: P | BC18: =IF(COUNTA(AS18:BA18)=0,"",COUNTA(AS18:BA18)) -> 1 | BD18: H
M19: 16 | AB19: Head Block | AO19: 16 | AS19: 10 | BD19: Head Block
A20: =IF(IGRF!B22="","",IGRF!B22) -> 504 | L20: =IF(COUNTA(B20:J20)=0,"",COUNTA(B20:J20)) | M20: 17 | P20: =IF(IGRF!I22="","",IGRF!I22) -> 71 | AA20: =IF(COUNTA(Q20:Y20)=0,"",COUNTA(Q20:Y20)) | AB20: M | AC20: =IF(IGRF!B22="","",IGRF!B22) -> 504 | AD20: P | AN20: =IF(COUNTA(AD20:AL20)=0,"",COUNTA(AD20:AL20)) -> 1 | AO20: 17 | AR20: =IF(IGRF!I22="","",IGRF!I22) -> 71 | BC20: =IF(COUNTA(AS20:BA20)=0,"",COUNTA(AS20:BA20)) | BD20: M
M21: 18 | AB21: Multiplayer | AD21: 19 | AO21: 18 | BD21: Multiplayer
A22: =IF(IGRF!B23="","",IGRF!B23) -> 69 | B22: M | L22: =IF(COUNTA(B22:J22)=0,"",COUNTA(B22:J22)) -> 1 | M22: 19 | P22: =IF(IGRF!I23="","",IGRF!I23) -> 716 | Q22: M | R22: C | AA22: =IF(COUNTA(Q22:Y22)=0,"",COUNTA(Q22:Y22)) -> 2 | AB22: C | AC22: =IF(IGRF!B23="","",IGRF!B23) -> 69 | AE22: P | AN22: =IF(COUNTA(AD22:AL22)=0,"",COUNTA(AD22:AL22)) -> 1 | AO22: 19 | AR22: =IF(IGRF!I23="","",IGRF!I23) -> 716 | AU22: M | BC22: =IF(COUNTA(AS22:BA22)=0,"",COUNTA(AS22:BA22)) -> 1 | BD22: C
B23: 18 | M23: 20 | Q23: 21 | R23: 21 | AB23: Illegal Contact | AE23: 16 | AO23: 20 | AU23: 18 | BD23: Illegal Contact
A24: =IF(IGRF!B24="","",IGRF!B24) -> 7 | B24: F | C24: C | D24: D | L24: =IF(COUNTA(B24:J24)=0,"",COUNTA(B24:J24)) -> 3 | M24: 21 | P24: =IF(IGRF!I24="","",IGRF!I24) -> 76 | AA24: =IF(COUNTA(Q24:Y24)=0,"",COUNTA(Q24:Y24)) | AB24: Early/Late Hit | AC24: =IF(IGRF!B24="","",IGRF!B24) -> 7 | AG24: F | AN24: =IF(COUNTA(AD24:AL24)=0,"",COUNTA(AD24:AL24)) -> 1 | AO24: 21 | AR24: =IF(IGRF!I24="","",IGRF!I24) -> 76 | AS24: L | BC24: =IF(COUNTA(AS24:BA24)=0,"",COUNTA(AS24:BA24)) -> 1 | BD24: Early/Late Hit
B25: 3 | C25: 7 | D25: 21 | M25: 22 | AB25: Out of Play Block | AG25: 13 | AO25: 22 | AS25: 11 | BD25: Out of Play Block
A26: =IF(IGRF!B25="","",IGRF!B25) -> 720 | B26: D | C26: L | L26: =IF(COUNTA(B26:J26)=0,"",COUNTA(B26:J26)) -> 2 | M26: 23 | P26: =IF(IGRF!I25="","",IGRF!I25) -> 91 | Q26: D | AA26: =IF(COUNTA(Q26:Y26)=0,"",COUNTA(Q26:Y26)) -> 1 | AB26: D | AC26: =IF(IGRF!B25="","",IGRF!B25) -> 720 | AN26: =IF(COUNTA(AD26:AL26)=0,"",COUNTA(AD26:AL26)) | AO26: 23 | AR26: =IF(IGRF!I25="","",IGRF!I25) -> 91 | AT26: F | BC26: =IF(COUNTA(AS26:BA26)=0,"",COUNTA(AS26:BA26)) -> 1 | BD26: D
B27: 20 | C27: 21 | M27: 24 | Q27: 8 | AB27: Direction | AO27: 24 | AT27: 13 | BD27: Direction
A28: =IF(IGRF!B26="","",IGRF!B26) -> 737 | L28: =IF(COUNTA(B28:J28)=0,"",COUNTA(B28:J28)) | M28: 25 | P28: =IF(IGRF!I26="","",IGRF!I26) -> 96 | AA28: =IF(COUNTA(Q28:Y28)=0,"",COUNTA(Q28:Y28)) | AB28: Stop Block | AC28: =IF(IGRF!B26="","",IGRF!B26) -> 737 | AN28: =IF(COUNTA(AD28:AL28)=0,"",COUNTA(AD28:AL28)) | AO28: 25 | AR28: =IF(IGRF!I26="","",IGRF!I26) -> 96 | BC28: =IF(COUNTA(AS28:BA28)=0,"",COUNTA(AS28:BA28)) | BD28: Stop Block
M29: 26 | AB29: P | AO29: 26 | BD29: P
A30: =IF(IGRF!B27="","",IGRF!B27) -> 802 | B30: D | L30: =IF(COUNTA(B30:J30)=0,"",COUNTA(B30:J30)) -> 1 | M30: 27 | P30: =IF(IGRF!I27="","",IGRF!I27) -> 9707 | AA30: =IF(COUNTA(Q30:Y30)=0,"",COUNTA(Q30:Y30)) | AB30: Illegal Position | AC30: =IF(IGRF!B27="","",IGRF!B27) -> 802 | AE30: P | AN30: =IF(COUNTA(AD30:AL30)=0,"",COUNTA(AD30:AL30)) -> 1 | AO30: 27 | AR30: =IF(IGRF!I27="","",IGRF!I27) -> 9707 | BC30: =IF(COUNTA(AS30:BA30)=0,"",COUNTA(AS30:BA30)) | BD30: Illegal Position
B31: 22 | M31: 28 | AB31: Destruction | AE31: 4 | AO31: 28 | BD31: Destruction
A32: =IF(IGRF!B28="","",IGRF!B28) -> 86 | L32: =IF(COUNTA(B32:J32)=0,"",COUNTA(B32:J32)) | M32: 29 | P32: =IF(IGRF!I28="","",IGRF!I28) -> 99 | AA32: =IF(COUNTA(Q32:Y32)=0,"",COUNTA(Q32:Y32)) | AB32: Skating OOB | AC32: =IF(IGRF!B28="","",IGRF!B28) -> 86 | AD32: F | AN32: =IF(COUNTA(AD32:AL32)=0,"",COUNTA(AD32:AL32)) -> 1 | AO32: 29 | AR32: =IF(IGRF!I28="","",IGRF!I28) -> 99 | AS32: B | AT32: X | BC32: =IF(COUNTA(AS32:BA32)=0,"",COUNTA(AS32:BA32)) -> 2 | BD32: Skating OOB
M33: 30 | AB33: Failure to Reform | AD33: 7 | AO33: 30 | AS33: 3 | AT33: 19 | BD33: Failure to Reform
A34: =IF(IGRF!B29="","",IGRF!B29) -> 98 | B34: X | C34: X | L34: =IF(COUNTA(B34:J34)=0,"",COUNTA(B34:J34)) -> 2 | M34: 31 | P34: =IF(IGRF!I29="","",IGRF!I29) | AA34: =IF(COUNTA(Q34:Y34)=0,"",COUNTA(Q34:Y34)) | AB34: Failure to Return | AC34: =IF(IGRF!B29="","",IGRF!B29) -> 98 | AN34: =IF(COUNTA(AD34:AL34)=0,"",COUNTA(AD34:AL34)) | AO34: 31 | AR34: =IF(IGRF!I29="","",IGRF!I29) | BC34: =IF(COUNTA(AS34:BA34)=0,"",COUNTA(AS34:BA34)) | BD34: Failure to Return
B35: 5 | C35: 5 | M35: 32 | AB35: Failure to Yield | AO35: 32 | BD35: Failure to Yield
A36: =IF(IGRF!B30="","",IGRF!B30) | L36: =IF(COUNTA(B36:J36)=0,"",COUNTA(B36:J36)) | M36: 33 | P36: =IF(IGRF!I30="","",IGRF!I30) | AA36: =IF(COUNTA(Q36:Y36)=0,"",COUNTA(Q36:Y36)) | AB36: X | AC36: =IF(IGRF!B30="","",IGRF!B30) | AN36: =IF(COUNTA(AD36:AL36)=0,"",COUNTA(AD36:AL36)) | AO36: 33 | AR36: =IF(IGRF!I30="","",IGRF!I30) | BC36: =IF(COUNTA(AS36:BA36)=0,"",COUNTA(AS36:BA36)) | BD36: X
M37: 34 | AB37: Cut | AO37: 34 | BD37: Cut
A38: =IF(IGRF!B31="","",IGRF!B31) | L38: =IF(COUNTA(B38:J38)=0,"",COUNTA(B38:J38)) | M38: 35 | P38: =IF(IGRF!I31="","",IGRF!I31) | AA38: =IF(COUNTA(Q38:Y38)=0,"",COUNTA(Q38:Y38)) | AB38: Illegal Re-entry | AC38: =IF(IGRF!B31="","",IGRF!B31) | AN38: =IF(COUNTA(AD38:AL38)=0,"",COUNTA(AD38:AL38)) | AO38: 35 | AR38: =IF(IGRF!I31="","",IGRF!I31) | BC38: =IF(COUNTA(AS38:BA38)=0,"",COUNTA(AS38:BA38)) | BD38: Illegal Re-entry
M39: 36 | AB39: N | AO39: 36 | BD39: N
A40: =IF(IGRF!B32="","",IGRF!B32) | L40: =IF(COUNTA(B40:J40)=0,"",COUNTA(B40:J40)) | M40: 37 | P40: =IF(IGRF!I32="","",IGRF!I32) | AA40: =IF(COUNTA(Q40:Y40)=0,"",COUNTA(Q40:Y40)) | AB40: Interference | AC40: =IF(IGRF!B32="","",IGRF!B32) | AN40: =IF(COUNTA(AD40:AL40)=0,"",COUNTA(AD40:AL40)) | AO40: 37 | AR40: =IF(IGRF!I32="","",IGRF!I32) | BC40: =IF(COUNTA(AS40:BA40)=0,"",COUNTA(AS40:BA40)) | BD40: Interference
M41: 38 | AB41: Delay of Game | AO41: 38 | BD41: Delay of Game
A42: =IF(IGRF!B33="","",IGRF!B33) | L42: =IF(COUNTA(B42:J42)=0,"",COUNTA(B42:J42)) | M42: 39 | P42: =IF(IGRF!I33="","",IGRF!I33) | AA42: =IF(COUNTA(Q42:Y42)=0,"",COUNTA(Q42:Y42)) | AB42: I | AC42: =IF(IGRF!B33="","",IGRF!B33) | AN42: =IF(COUNTA(AD42:AL42)=0,"",COUNTA(AD42:AL42)) | AR42: =IF(IGRF!I33="","",IGRF!I33) | BC42: =IF(COUNTA(AS42:BA42)=0,"",COUNTA(AS42:BA42)) | BD42: I
M43: 40 | AB43: Illegal Procedure | BD43: Illegal Procedure
A44: Non-Skater Expulsions | E44: =COUNTA(C44:D44) -> 0 | F44: TOTAL PENALTIES FOR PERIOD 1: | L44: =IF(SUM(L4:L43)=0,"",SUM(L4:L43,E44)) -> 14 | M44: 41 | P44: Non-Skater Expulsions | T44: =COUNTA(R44:S44) -> 0 | U44: TOTAL PENALTIES FOR PERIOD 1: | AA44: =IF(SUM(AA4:AA43)=0,"",SUM(AA4:AA43,T44)) -> 9 | AB44: Star Pass Violation | AC44: Non-Skater Expulsions | AG44: =COUNTA(AE44:AF44) -> 0 | AH44: TOTAL PENALTIES FOR PERIOD 2: | AN44: =IF(SUM(AN4:AN43)=0,"",SUM(AN4:AN43,AG44)) -> 15 | AR44: Non-Skater Expulsions | AV44: =COUNTA(AT44:AU44) -> 0 | AW44: TOTAL PENALTIES FOR PERIOD 2: | BC44: =IF(SUM(BC4:BC43)=0,"",SUM(BC4:BC43,AV44)) -> 14 | BD44: Star Pass Violation
M45: 42 | AB45: / Interference | BD45: / Interference

Sheet Lineups
A1: =Score!$A$1 -> BOULDER COUNTY ROLLER DERBY / FLATIRON PHOENIXES | H1: =IF(ISBLANK(IGRF!$B$12), "", IGRF!$B$12) -> WHITE | L1: =IF(ISBLANK(IGRF!$B$7), "", IGRF!$B$7) -> 46123 | P1: MOX NIX | Z1: 1 | AA1: =Score!T1 -> ROCKY MOUNTAIN ROLLER DERBY / 5280 FIGHT CLUB | AH1: =IF(ISBLANK(IGRF!$I$12), "", IGRF!$I$12) -> BLACK | AL1: =L1 -> 46123 | AP1: ULTRAVIOLENT BLU | AZ1: 1
H2: Color | L2: Date | P2: Lineup Tracker | Z2: =IF(ISBLANK(IGRF!$L$3), "", "GAME " & IGRF!$L$3) -> GAME 1 | AH2: Color | AL2: Date | AP2: Lineup Tracker | AZ2: =Z2 -> GAME 1
A3: Jam | B3: noPivot | C3: Jammer | D3: Box | G3: Pivot | H3: Box | K3: Blocker | L3: Box | O3: Blocker | P3: Box | S3: Blocker | T3: Box | X3: Team Roster | AA3: Jam | AB3: noPivot | AC3: Jammer | AD3: Box | AG3: Pivot | AH3: Box | AK3: Blocker | AL3: Box | AO3: Blocker | AP3: Box | AS3: Blocker | AT3: Box | AX3: Team Roster
A4: =IF(Score!A4="", "",Score!A4 ) -> 1 | C4: =IF(Score!B4="", "",Score!B4 ) -> 737 | G4: 33 | K4: 7 | O4: 114 | S4: 113 | W4: =IF(A4="","",SUMIF(SK!B$3:B$78,ROW(),SK!D$3:D$78)) -> 4 | Y4: =IF(IGRF!B14="","",IGRF!B14) -> 113 | Z4: =IF(IGRF!C14="","",IGRF!C14) -> Short Stack | AA4: =IF(Score!T4="", "",Score!T4 ) -> 1 | AC4: =IF(Score!U4="", "",Score!U4 ) -> 4 | AG4: 008 | AK4: 303 | AO4: 716 | AS4: 99 | AW4: =IF(AA4="","",SUMIF(SK!R$3:R$78,ROW(),SK!T$3:T$78)) -> 4 | AY4: =IF(IGRF!I14="","",IGRF!I14) -> 008 | AZ4: =IF(IGRF!J14="","",IGRF!J14) -> HAM Wheezy
A5: =IF(Score!A5="", "",Score!A5 ) -> 2 | C5: =IF(Score!B5="", "",Score!B5 ) -> 98 | G5: 22 | K5: 213 | O5: 69 | S5: 802 | W5: =IF(A5="","",SUMIF(SK!B$3:B$78,ROW(),SK!D$3:D$78)) -> 4 | AA5: =IF(Score!T5="", "",Score!T5 ) -> 2 | AC5: =IF(Score!U5="", "",Score!U5 ) -> 1 | AG5: 008 | AK5: 303 | AO5: 716 | AS5: 99 | AW5: =IF(AA5="","",SUMIF(SK!R$3:R$78,ROW(),SK!T$3:T$78)) -> 2
A6: =IF(Score!A6="", "",Score!A6 ) -> 3 | C6: =IF(Score!B6="", "",Score!B6 ) -> 1190 | G6: 33 | K6: 113 | O6: 7 | S6: 504 | W6: =IF(A6="","",SUMIF(SK!B$3:B$78,ROW(),SK!D$3:D$78)) -> 0 | Y6: =IF(IGRF!B15="","",IGRF!B15) -> 114 | Z6: =IF(IGRF!C15="","",IGRF!C15) -> Cat Claus | AA6: =IF(Score!T6="", "",Score!T6 ) -> 3 | AC6: =IF(Score!U6="", "",Score!U6 ) -> 76 | AG6: 3 | AK6: 71 | AO6: 91 | AS6: 96 | AW6: =IF(AA6="","",SUMIF(SK!R$3:R$78,ROW(),SK!T$3:T$78)) -> 4 | AY6: =IF(IGRF!I15="","",IGRF!I15) -> 1 | AZ6: =IF(IGRF!J15="","",IGRF!J15) -> Pink FlameNgo
A7: =IF(Score!A7="", "",Score!A7 ) -> 4 | C7: =IF(Score!B7="", "",Score!B7 ) -> 333 | G7: 22 | K7: 213 | O7: 7 | P7: $ | S7: 802 | W7: =IF(A7="","",SUMIF(SK!B$3:B$78,ROW(),SK!D$3:D$78)) -> 12 | AA7: =IF(Score!T7="", "",Score!T7 ) -> 4 | AC7: =IF(Score!U7="", "",Score!U7 ) -> 11 | AG7: 3 | AK7: 71 | AO7: 91 | AS7: 96 | AW7: =IF(AA7="","",SUMIF(SK!R$3:R$78,ROW(),SK!T$3:T$78)) -> 0
A8: =IF(Score!A8="", "",Score!A8 ) -> SP* | C8: =IF(Score!B8="", "",Score!B8 ) | W8: =IF(A8="","",SUMIF(SK!B$3:B$78,ROW(),SK!D$3:D$78)) -> 0 | Y8: =IF(IGRF!B16="","",IGRF!B16) -> 1190 | Z8: =IF(IGRF!C16="","",IGRF!C16) -> Rickashanaynay | AA8: =IF(Score!T8="", "",Score!T8 ) -> SP | AB8: X | AC8: =IF(Score!U8="", "",Score!U8 ) -> 3 | AG8: 11 | AK8: 71 | AO8: 91 | AS8: 96 | AW8: =IF(AA8="","",SUMIF(SK!R$3:R$78,ROW(),SK!T$3:T$78)) -> 0 | AY8: =IF(IGRF!I16="","",IGRF!I16) -> 11 | AZ8: =IF(IGRF!J16="","",IGRF!J16) -> Oy Vey Maria
A9: =IF(Score!A9="", "",Score!A9 ) -> 5 | C9: =IF(Score!B9="", "",Score!B9 ) -> 98 | D9: + | E9: - | G9: 33 | K9: 504 | O9: 114 | S9: 113 | W9: =IF(A9="","",SUMIF(SK!B$3:B$78,ROW(),SK!D$3:D$78)) -> 0 | AA9: =IF(Score!T9="", "",Score!T9 ) -> 5 | AC9: =IF(Score!U9="", "",Score!U9 ) -> 1 | AG9: 008 | AH9: + | AK9: 303 | AO9: 716 | AS9: 99 | AW9: =IF(AA9="","",SUMIF(SK!R$3:R$78,ROW(),SK!T$3:T$78)) -> 20
A10: =IF(Score!A10="", "",Score!A10 ) -> 6 | C10: =IF(Score!B10="", "",Score!B10 ) -> 98 | D10: $ | G10: 737 | K10: 802 | O10: 213 | S10: 69 | W10: =IF(A10="","",SUMIF(SK!B$3:B$78,ROW(),SK!D$3:D$78)) -> 4 | Y10: =IF(IGRF!B17="","",IGRF!B17) -> 213 | Z10: =IF(IGRF!C17="","",IGRF!C17) -> Primeval | AA10: =IF(Score!T10="", "",Score!T10 ) -> 6 | AC10: =IF(Score!U10="", "",Score!U10 ) -> 76 | AG10: 008 | AH10: - | AK10: 3 | AO10: 71 | AS10: 91 | AW10: =IF(AA10="","",SUMIF(SK!R$3:R$78,ROW(),SK!T$3:T$78)) -> 8 | AY10: =IF(IGRF!I17="","",IGRF!I17) -> 3 | AZ10: =IF(IGRF!J17="","",IGRF!J17) -> Zoom Bayou
A11: =IF(Score!A11="", "",Score!A11 ) -> 7 | C11: =IF(Score!B11="", "",Score!B11 ) -> 1190 | G11: 33 | H11: - | K11: 7 | O11: 114 | S11: 504 | W11: =IF(A11="","",SUMIF(SK!B$3:B$78,ROW(),SK!D$3:D$78)) -> 3 | AA11: =IF(Score!T11="", "",Score!T11 ) -> 7 | AC11: =IF(Score!U11="", "",Score!U11 ) -> 4 | AG11: 008 | AH11: $ | AK11: 303 | AO11: 716 | AS11: 99 | AW11: =IF(AA11="","",SUMIF(SK!R$3:R$78,ROW(),SK!T$3:T$78)) -> 3
A12: =IF(Score!A12="", "",Score!A12 ) -> 8 | C12: =IF(Score!B12="", "",Score!B12 ) -> 333 | G12: 33 | H12: $ | K12: 7 | L12: $ | O12: 213 | S12: 22 | W12: =IF(A12="","",SUMIF(SK!B$3:B$78,ROW(),SK!D$3:D$78)) -> 0 | Y12: =IF(IGRF!B18="","",IGRF!B18) -> 22 | Z12: =IF(IGRF!C18="","",IGRF!C18) -> Penelope Bruise | AA12: =IF(Score!T12="", "",Score!T12 ) -> 8 | AC12: =IF(Score!U12="", "",Score!U12 ) -> 1 | AG12: 3 | AK12: 71 | AO12: 91 | AP12: - | AS12: 96 | AW12: =IF(AA12="","",SUMIF(SK!R$3:R$78,ROW(),SK!T$3:T$78)) -> 8 | AY12: =IF(IGRF!I18="","",IGRF!I18) -> 303 | AZ12: =IF(IGRF!J18="","",IGRF!J18) -> Reck 'em Ralph
A13: =IF(Score!A13="", "",Score!A13 ) -> 9 | C13: =IF(Score!B13="", "",Score!B13 ) -> 737 | G13: 113 | K13: 114 | O13: 720 | S13: 69 | W13: =IF(A13="","",SUMIF(SK!B$3:B$78,ROW(),SK!D$3:D$78)) -> 0 | AA13: =IF(Score!T13="", "",Score!T13 ) -> 9 | AC13: =IF(Score!U13="", "",Score!U13 ) -> 76 | AG13: 008 | AH13: + | AK13: 96 | AO13: 91 | AP13: $ | AS13: 99 | AW13: =IF(AA13="","",SUMIF(SK!R$3:R$78,ROW(),SK!T$3:T$78)) -> 11
A14: =IF(Score!A14="", "",Score!A14 ) -> SP | B14: X | C14: =IF(Score!B14="", "",Score!B14 ) -> 113 | G14: 737 | K14: 114 | O14: 720 | S14: 69 | W14: =IF(A14="","",SUMIF(SK!B$3:B$78,ROW(),SK!D$3:D$78)) -> 0 | Y14: =IF(IGRF!B19="","",IGRF!B19) -> 33 | Z14: =IF(IGRF!C19="","",IGRF!C19) -> Ivy Profen | AA14: =IF(Score!T14="", "",Score!T14 ) -> SP* | AC14: =IF(Score!U14="", "",Score!U14 ) | AW14: =IF(AA14="","",SUMIF(SK!R$3:R$78,ROW(),SK!T$3:T$78)) -> 0 | AY14: =IF(IGRF!I19="","",IGRF!I19) -> 4 | AZ14: =IF(IGRF!J19="","",IGRF!J19) -> Sweet Cyanide
A15: =IF(Score!A15="", "",Score!A15 ) -> 10 | C15: =IF(Score!B15="", "",Score!B15 ) -> 98 | G15: 22 | K15: 213 | L15: - | O15: 802 | S15: 720 | W15: =IF(A15="","",SUMIF(SK!B$3:B$78,ROW(),SK!D$3:D$78)) -> 0 | AA15: =IF(Score!T15="", "",Score!T15 ) -> 10 | AC15: =IF(Score!U15="", "",Score!U15 ) -> 11 | AG15: 3 | AK15: 71 | AO15: 91 | AS15: 96 | AW15: =IF(AA15="","",SUMIF(SK!R$3:R$78,ROW(),SK!T$3:T$78)) -> 4
A16: =IF(Score!A16="", "",Score!A16 ) -> 11 | C16: =IF(Score!B16="", "",Score!B16 ) -> 333 | D16: - | G16: 33 | K16: 213 | L16: $ | O16: 7 | S16: 114 | W16: =IF(A16="","",SUMIF(SK!B$3:B$78,ROW(),SK!D$3:D$78)) -> 1 | Y16: =IF(IGRF!B20="","",IGRF!B20) -> 333 | Z16: =IF(IGRF!C20="","",IGRF!C20) -> Honey Badger | AA16: =IF(Score!T16="", "",Score!T16 ) -> 11 | AC16: =IF(Score!U16="", "",Score!U16 ) -> 1 | AG16: 716 | AK16: 303 | AO16: 555 | AS16: 99 | AW16: =IF(AA16="","",SUMIF(SK!R$3:R$78,ROW(),SK!T$3:T$78)) -> 12 | AY16: =IF(IGRF!I20="","",IGRF!I20) -> 406 | AZ16: =IF(IGRF!J20="","",IGRF!J20) -> Ruth Slayed-Her Ginsburg
A17: =IF(Score!A17="", "",Score!A17 ) -> 12 | C17: =IF(Score!B17="", "",Score!B17 ) -> 333 | D17: S | G17: 22 | K17: 720 | O17: 802 | S17: 69 | W17: =IF(A17="","",SUMIF(SK!B$3:B$78,ROW(),SK!D$3:D$78)) -> 0 | AA17: =IF(Score!T17="", "",Score!T17 ) -> 12 | AC17: =IF(Score!U17="", "",Score!U17 ) -> 1 | AG17: 3 | AK17: 71 | AO17: 91 | AS17: 96 | AW17: =IF(AA17="","",SUMIF(SK!R$3:R$78,ROW(),SK!T$3:T$78)) -> 0
A18: =IF(Score!A18="", "",Score!A18 ) -> 13 | C18: =IF(Score!B18="", "",Score!B18 ) -> 333 | D18: $ | G18: 33 | K18: 7 | O18: 504 | S18: 113 | W18: =IF(A18="","",SUMIF(SK!B$3:B$78,ROW(),SK!D$3:D$78)) -> 4 | Y18: =IF(IGRF!B21="","",IGRF!B21) -> 393 | Z18: =IF(IGRF!C21="","",IGRF!C21) -> Miss EDventure | AA18: =IF(Score!T18="", "",Score!T18 ) -> 13 | AC18: =IF(Score!U18="", "",Score!U18 ) -> 4 | AG18: 716 | AK18: 303 | AO18: 555 | AS18: 99 | AW18: =IF(AA18="","",SUMIF(SK!R$3:R$78,ROW(),SK!T$3:T$78)) -> 2 | AY18: =IF(IGRF!I21="","",IGRF!I21) -> 555 | AZ18: =IF(IGRF!J21="","",IGRF!J21) -> Mortal Wombat
A19: =IF(Score!A19="", "",Score!A19 ) -> 14 | C19: =IF(Score!B19="", "",Score!B19 ) -> 1190 | G19: 22 | K19: 213 | O19: 802 | S19: 69 | W19: =IF(A19="","",SUMIF(SK!B$3:B$78,ROW(),SK!D$3:D$78)) -> 2 | AA19: =IF(Score!T19="", "",Score!T19 ) -> 14 | AC19: =IF(Score!U19="", "",Score!U19 ) -> 76 | AG19: 3 | AK19: 406 | AO19: 71 | AS19: 91 | AW19: =IF(AA19="","",SUMIF(SK!R$3:R$78,ROW(),SK!T$3:T$78)) -> 0
A20: =IF(Score!A20="", "",Score!A20 ) -> 15 | C20: =IF(Score!B20="", "",Score!B20 ) -> 98 | G20: 33 | K20: 114 | O20: 504 | S20: 113 | W20: =IF(A20="","",SUMIF(SK!B$3:B$78,ROW(),SK!D$3:D$78)) -> 8 | Y20: =IF(IGRF!B22="","",IGRF!B22) -> 504 | Z20: =IF(IGRF!C22="","",IGRF!C22) -> Fleur de Beast | AA20: =IF(Score!T20="", "",Score!T20 ) -> 15 | AC20: =IF(Score!U20="", "",Score!U20 ) -> 11 | AG20: 716 | AK20: 303 | AO20: 555 | AS20: 99 | AW20: =IF(AA20="","",SUMIF(SK!R$3:R$78,ROW(),SK!T$3:T$78)) -> 0 | AY20: =IF(IGRF!I22="","",IGRF!I22) -> 71 | AZ20: =IF(IGRF!J22="","",IGRF!J22) -> TchaiKILLsky
A21: =IF(Score!A21="", "",Score!A21 ) -> SP* | C21: =IF(Score!B21="", "",Score!B21 ) | W21: =IF(A21="","",SUMIF(SK!B$3:B$78,ROW(),SK!D$3:D$78)) -> 0 | AA21: =IF(Score!T21="", "",Score!T21 ) -> SP | AB21: X | AC21: =IF(Score!U21="", "",Score!U21 ) -> 716 | AG21: 11 | AH21: - | AK21: 303 | AO21: 555 | AS21: 99 | AW21: =IF(AA21="","",SUMIF(SK!R$3:R$78,ROW(),SK!T$3:T$78)) -> 8
A22: =IF(Score!A22="", "",Score!A22 ) -> 16 | C22: =IF(Score!B22="", "",Score!B22 ) -> 333 | G22: 22 | K22: 213 | O22: 69 | S22: 802 | W22: =IF(A22="","",SUMIF(SK!B$3:B$78,ROW(),SK!D$3:D$78)) -> 0 | Y22: =IF(IGRF!B23="","",IGRF!B23) -> 69 | Z22: =IF(IGRF!C23="","",IGRF!C23) -> Jungla | AA22: =IF(Score!T22="", "",Score!T22 ) -> 16 | AC22: =IF(Score!U22="", "",Score!U22 ) -> 1 | AG22: 3 | AK22: 11 | AL22: S | AO22: 71 | AS22: 91 | AW22: =IF(AA22="","",SUMIF(SK!R$3:R$78,ROW(),SK!T$3:T$78)) -> 3 | AY22: =IF(IGRF!I23="","",IGRF!I23) -> 716 | AZ22: =IF(IGRF!J23="","",IGRF!J23) -> Slim S’Kaity
A23: =IF(Score!A23="", "",Score!A23 ) -> 17 | C23: =IF(Score!B23="", "",Score!B23 ) -> 737 | G23: 33 | K23: 7 | O23: 114 | S23: 113 | W23: =IF(A23="","",SUMIF(SK!B$3:B$78,ROW(),SK!D$3:D$78)) -> 0 | AA23: =IF(Score!T23="", "",Score!T23 ) -> 17 | AC23: =IF(Score!U23="", "",Score!U23 ) -> 4 | AG23: 716 | AK23: 11 | AL23: $ | AO23: 008 | AS23: 303 | AT23: - | AW23: =IF(AA23="","",SUMIF(SK!R$3:R$78,ROW(),SK!T$3:T$78)) -> 2
A24: =IF(Score!A24="", "",Score!A24 ) -> 18 | C24: =IF(Score!B24="", "",Score!B24 ) -> 1190 | G24: 22 | K24: 213 | O24: 69 | P24: + | S24: 802 | W24: =IF(A24="","",SUMIF(SK!B$3:B$78,ROW(),SK!D$3:D$78)) -> 4 | Y24: =IF(IGRF!B24="","",IGRF!B24) -> 7 | Z24: =IF(IGRF!C24="","",IGRF!C24) -> Freddie Mercury Poisoning | AA24: =IF(Score!T24="", "",Score!T24 ) -> 18 | AC24: =IF(Score!U24="", "",Score!U24 ) -> 76 | AG24: 3 | AK24: 71 | AO24: 716 | AS24: 303 | AT24: $ | AW24: =IF(AA24="","",SUMIF(SK!R$3:R$78,ROW(),SK!T$3:T$78)) -> 7 | AY24: =IF(IGRF!I24="","",IGRF!I24) -> 76 | AZ24: =IF(IGRF!J24="","",IGRF!J24) -> Fiona Grapple
A25: =IF(Score!A25="", "",Score!A25 ) -> 19 | C25: =IF(Score!B25="", "",Score!B25 ) -> 98 | G25: 33 | K25: 7 | O25: 86 | S25: 114 | W25: =IF(A25="","",SUMIF(SK!B$3:B$78,ROW(),SK!D$3:D$78)) -> 0 | AA25: =IF(Score!T25="", "",Score!T25 ) -> 19 | AB25: X | AC25: =IF(Score!U25="", "",Score!U25 ) -> 11 | AG25: 96 | AK25: 008 | AL25: - | AO25: 91 | AS25: 99 | AW25: =IF(AA25="","",SUMIF(SK!R$3:R$78,ROW(),SK!T$3:T$78)) -> 2
A26: =IF(Score!A26="", "",Score!A26 ) -> 20 | C26: =IF(Score!B26="", "",Score!B26 ) -> 333 | G26: 802 | K26: 213 | O26: 720 | P26: - | S26: 69 | W26: =IF(A26="","",SUMIF(SK!B$3:B$78,ROW(),SK!D$3:D$78)) -> 3 | Y26: =IF(IGRF!B25="","",IGRF!B25) -> 720 | Z26: =IF(IGRF!C25="","",IGRF!C25) -> Bob Gnarly | AA26: =IF(Score!T26="", "",Score!T26 ) -> 20 | AC26: =IF(Score!U26="", "",Score!U26 ) -> 1 | AG26: 3 | AK26: 008 | AL26: S | AO26: 91 | AS26: 96 | AW26: =IF(AA26="","",SUMIF(SK!R$3:R$78,ROW(),SK!T$3:T$78)) -> 0 | AY26: =IF(IGRF!I25="","",IGRF!I25) -> 91 | AZ26: =IF(IGRF!J25="","",IGRF!J25) -> Poh Teigh Toh
A27: =IF(Score!A27="", "",Score!A27 ) -> 21 | C27: =IF(Score!B27="", "",Score!B27 ) -> 737 | G27: 114 | K27: 7 | L27: + | O27: 720 | P27: $ | Q27: + | S27: 113 | W27: =IF(A27="","",SUMIF(SK!B$3:B$78,ROW(),SK!D$3:D$78)) -> 12 | AA27: =IF(Score!T27="", "",Score!T27 ) -> 21 | AC27: =IF(Score!U27="", "",Score!U27 ) -> 4 | AG27: 716 | AH27: + | AK27: 008 | AL27: $ | AO27: 303 | AS27: 99 | AW27: =IF(AA27="","",SUMIF(SK!R$3:R$78,ROW(),SK!T$3:T$78)) -> 0
A28: =IF(Score!A28="", "",Score!A28 ) -> SP* | C28: =IF(Score!B28="", "",Score!B28 ) | W28: =IF(A28="","",SUMIF(SK!B$3:B$78,ROW(),SK!D$3:D$78)) -> 0 | Y28: =IF(IGRF!B26="","",IGRF!B26) -> 737 | Z28: =IF(IGRF!C26="","",IGRF!C26) -> Lady J | AA28: =IF(Score!T28="", "",Score!T28 ) -> SP | AB28: X | AC28: =IF(Score!U28="", "",Score!U28 ) -> 716 | AD28: - | AG28: 4 | AK28: 008 | AO28: 303 | AS28: 99 | AW28: =IF(AA28="","",SUMIF(SK!R$3:R$78,ROW(),SK!T$3:T$78)) -> 6 | AY28: =IF(IGRF!I26="","",IGRF!I26) -> 96 | AZ28: =IF(IGRF!J26="","",IGRF!J26) -> Audubondage
A29: =IF(Score!A29="", "",Score!A29 ) -> 22 | C29: =IF(Score!B29="", "",Score!B29 ) -> 1190 | G29: 22 | K29: 213 | O29: 802 | P29: + | S29: 69 | W29: =IF(A29="","",SUMIF(SK!B$3:B$78,ROW(),SK!D$3:D$78)) -> 0 | AA29: =IF(Score!T29="", "",Score!T29 ) -> 22 | AC29: =IF(Score!U29="", "",Score!U29 ) -> 716 | AD29: $ | AG29: 3 | AK29: 71 | AO29: 91 | AS29: 96 | AW29: =IF(AA29="","",SUMIF(SK!R$3:R$78,ROW(),SK!T$3:T$78)) -> 0
A30: =IF(Score!A30="", "",Score!A30 ) -> 23 | C30: =IF(Score!B30="", "",Score!B30 ) -> 98 | G30: 33 | K30: 114 | O30: 7 | S30: 504 | W30: =IF(A30="","",SUMIF(SK!B$3:B$78,ROW(),SK!D$3:D$78)) -> 0 | Y30: =IF(IGRF!B27="","",IGRF!B27) -> 802 | Z30: =IF(IGRF!C27="","",IGRF!C27) -> Rutabaga Ginsberg (Baga) | AA30: =IF(Score!T30="", "",Score!T30 ) -> 23 | AC30: =IF(Score!U30="", "",Score!U30 ) -> 76 | AG30: 3 | AK30: 555 | AO30: 71 | AS30: 99 | AW30: =IF(AA30="","",SUMIF(SK!R$3:R$78,ROW(),SK!T$3:T$78)) -> 1 | AY30: =IF(IGRF!I27="","",IGRF!I27) -> 9707 | AZ30: =IF(IGRF!J27="","",IGRF!J27) -> BATass
A31: =IF(Score!A31="", "",Score!A31 ) -> 24 | C31: =IF(Score!B31="", "",Score!B31 ) -> 333 | D31: - | G31: 22 | K31: 802 | O31: 720 | S31: 213 | T31: + | W31: =IF(A31="","",SUMIF(SK!B$3:B$78,ROW(),SK!D$3:D$78)) -> 7 | AA31: =IF(Score!T31="", "",Score!T31 ) -> 24 | AC31: =IF(Score!U31="", "",Score!U31 ) -> 11 | AG31: 716 | AK31: 303 | AO31: 91 | AS31: 96 | AW31: =IF(AA31="","",SUMIF(SK!R$3:R$78,ROW(),SK!T$3:T$78)) -> 13
A32: =IF(Score!A32="", "",Score!A32 ) | C32: =IF(Score!B32="", "",Score!B32 ) | W32: =IF(A32="","",SUMIF(SK!B$3:B$78,ROW(),SK!D$3:D$78)) | Y32: =IF(IGRF!B28="","",IGRF!B28) -> 86 | Z32: =IF(IGRF!C28="","",IGRF!C28) -> Glidezilla | AA32: =IF(Score!T32="", "",Score!T32 ) | AC32: =IF(Score!U32="", "",Score!U32 ) | AW32: =IF(AA32="","",SUMIF(SK!R$3:R$78,ROW(),SK!T$3:T$78)) | AY32: =IF(IGRF!I28="","",IGRF!I28) -> 99 | AZ32: =IF(IGRF!J28="","",IGRF!J28) -> May Q. Pay
A33: =IF(Score!A33="", "",Score!A33 ) | C33: =IF(Score!B33="", "",Score!B33 ) | W33: =IF(A33="","",SUMIF(SK!B$3:B$78,ROW(),SK!D$3:D$78)) | AA33: =IF(Score!T33="", "",Score!T33 ) | AC33: =IF(Score!U33="", "",Score!U33 ) | AW33: =IF(AA33="","",SUMIF(SK!R$3:R$78,ROW(),SK!T$3:T$78))
A34: =IF(Score!A34="", "",Score!A34 ) | C34: =IF(Score!B34="", "",Score!B34 ) | W34: =IF(A34="","",SUMIF(SK!B$3:B$78,ROW(),SK!D$3:D$78)) | Y34: =IF(IGRF!B29="","",IGRF!B29) -> 98 | Z34: =IF(IGRF!C29="","",IGRF!C29) -> Badelynn | AA34: =IF(Score!T34="", "",Score!T34 ) | AC34: =IF(Score!U34="", "",Score!U34 ) | AW34: =IF(AA34="","",SUMIF(SK!R$3:R$78,ROW(),SK!T$3:T$78)) | AY34: =IF(IGRF!I29="","",IGRF!I29) | AZ34: =IF(IGRF!J29="","",IGRF!J29)
A35: =IF(Score!A35="", "",Score!A35 ) | C35: =IF(Score!B35="", "",Score!B35 ) | W35: =IF(A35="","",SUMIF(SK!B$3:B$78,ROW(),SK!D$3:D$78)) | AA35: =IF(Score!T35="", "",Score!T35 ) | AC35: =IF(Score!U35="", "",Score!U35 ) | AW35: =IF(AA35="","",SUMIF(SK!R$3:R$78,ROW(),SK!T$3:T$78))
A36: =IF(Score!A36="", "",Score!A36 ) | C36: =IF(Score!B36="", "",Score!B36 ) | W36: =IF(A36="","",SUMIF(SK!B$3:B$78,ROW(),SK!D$3:D$78)) | Y36: =IF(IGRF!B30="","",IGRF!B30) | Z36: =IF(IGRF!C30="","",IGRF!C30) | AA36: =IF(Score!T36="", "",Score!T36 ) | AC36: =IF(Score!U36="", "",Score!U36 ) | AW36: =IF(AA36="","",SUMIF(SK!R$3:R$78,ROW(),SK!T$3:T$78)) | AY36: =IF(IGRF!I30="","",IGRF!I30) | AZ36: =IF(IGRF!J30="","",IGRF!J30)
A37: =IF(Score!A37="", "",Score!A37 ) | C37: =IF(Score!B37="", "",Score!B37 ) | W37: =IF(A37="","",SUMIF(SK!B$3:B$78,ROW(),SK!D$3:D$78)) | AA37: =IF(Score!T37="", "",Score!T37 ) | AC37: =IF(Score!U37="", "",Score!U37 ) | AW37: =IF(AA37="","",SUMIF(SK!R$3:R$78,ROW(),SK!T$3:T$78))
A38: =IF(Score!A38="", "",Score!A38 ) | C38: =IF(Score!B38="", "",Score!B38 ) | W38: =IF(A38="","",SUMIF(SK!B$3:B$78,ROW(),SK!D$3:D$78)) | Y38: =IF(IGRF!B31="","",IGRF!B31) | Z38: =IF(IGRF!C31="","",IGRF!C31) | AA38: =IF(Score!T38="", "",Score!T38 ) | AC38: =IF(Score!U38="", "",Score!U38 ) | AW38: =IF(AA38="","",SUMIF(SK!R$3:R$78,ROW(),SK!T$3:T$78)) | AY38: =IF(IGRF!I31="","",IGRF!I31) | AZ38: =IF(IGRF!J31="","",IGRF!J31)
A39: =IF(Score!A39="", "",Score!A39 ) | C39: =IF(Score!B39="", "",Score!B39 ) | W39: =IF(A39="","",SUMIF(SK!B$3:B$78,ROW(),SK!D$3:D$78)) | AA39: =IF(Score!T39="", "",Score!T39 ) | AC39: =IF(Score!U39="", "",Score!U39 ) | AW39: =IF(AA39="","",SUMIF(SK!R$3:R$78,ROW(),SK!T$3:T$78))
A40: =IF(Score!A40="", "",Score!A40 ) | C40: =IF(Score!B40="", "",Score!B40 ) | W40: =IF(A40="","",SUMIF(SK!B$3:B$78,ROW(),SK!D$3:D$78)) | Y40: =IF(IGRF!B32="","",IGRF!B32) | Z40: =IF(IGRF!C32="","",IGRF!C32) | AA40: =IF(Score!T40="", "",Score!T40 ) | AC40: =IF(Score!U40="", "",Score!U40 ) | AW40: =IF(AA40="","",SUMIF(SK!R$3:R$78,ROW(),SK!T$3:T$78)) | AY40: =IF(IGRF!I32="","",IGRF!I32) | AZ40: =IF(IGRF!J32="","",IGRF!J32)
A41: =IF(Score!A41="", "",Score!A41 ) | C41: =IF(Score!B41="", "",Score!B41 ) | W41: =IF(A41="","",SUMIF(SK!B$3:B$78,ROW(),SK!D$3:D$78)) | Y41: =IF(IGRF!B33="","",IGRF!B33) | Z41: =IF(IGRF!C33="","",IGRF!C33) | AA41: =IF(Score!T41="", "",Score!T41 ) | AC41: =IF(Score!U41="", "",Score!U41 ) | AW41: =IF(AA41="","",SUMIF(SK!R$3:R$78,ROW(),SK!T$3:T$78)) | AY41: =IF(IGRF!I33="","",IGRF!I33) | AZ41: =IF(IGRF!J33="","",IGRF!J33)
A42: – = Entered the box mid-jam. S = Entered between jams or continued from previous jam. | = Finished service. Combined with - and S, creates + and $. 3 = Skater injured or needed sub, sits out 3 jams. | AA42: – = Entered the box mid-jam. S = Entered between jams or continued from previous jam. | = Finished service. Combined with - and S, creates + and $. 3 = Skater injured or needed sub, sits out 3 jams.
A43: =A1 -> BOULDER COUNTY ROLLER DERBY / FLATIRON PHOENIXES | H43: =H1 -> WHITE | L43: =L1 -> 46123 | P43: MOX NIX | Z43: 2 | AA43: =AA1 -> ROCKY MOUNTAIN ROLLER DERBY / 5280 FIGHT CLUB | AH43: =AH1 -> BLACK | AL43: =AL1 -> 46123 | AP43: ULTRAVIOLENT BLU | AZ43: 2
H44: Color | L44: Date | P44: Lineup Tracker | Z44: =Z2 -> GAME 1 | AH44: Color | AL44: Date | AP44: Lineup Tracker | AZ44: =AZ2 -> GAME 1
A45: Jam | B45: noPivot | C45: Jammer | D45: Box | G45: Pivot | H45: Box | K45: Blocker | L45: Box | O45: Blocker | P45: Box | S45: Blocker | T45: Box | X45: Team Roster | AA45: Jam | AB45: noPivot | AC45: Jammer | AD45: Box | AG45: Pivot | AH45: Box | AK45: Blocker | AL45: Box | AO45: Blocker | AP45: Box | AS45: Blocker | AT45: Box | AX45: Team Roster
A46: =IF(Score!A46="", "",Score!A46 ) -> 1 | C46: =IF(Score!B46="", "",Score!B46 ) -> 333 | D46: $ | G46: 33 | K46: 114 | L46: - | O46: 86 | S46: 113 | W46: =IF(A46="","",SUMIF(SK!B$88:B$163,ROW(),SK!D$88:D$163)) -> 0 | Y46: =Y4 -> 113 | Z46: =Z4 -> Short Stack | AA46: =IF(Score!T46="", "",Score!T46 ) -> 1 | AC46: =IF(Score!U46="", "",Score!U46 ) -> 1 | AG46: 716 | AK46: 303 | AO46: 96 | AS46: 99 | AW46: =IF(AA46="","",SUMIF(SK!R$88:R$163,ROW(),SK!T$88:T$163)) -> 8 | AY46: =AY4 -> 008 | AZ46: =AZ4 -> HAM Wheezy
A47: =IF(Score!A47="", "",Score!A47 ) -> 2 | C47: =IF(Score!B47="", "",Score!B47 ) -> 737 | G47: 802 | K47: 114 | L47: $ | O47: 213 | S47: 69 | W47: =IF(A47="","",SUMIF(SK!B$88:B$163,ROW(),SK!D$88:D$163)) -> 5 | AA47: =IF(Score!T47="", "",Score!T47 ) -> 2 | AC47: =IF(Score!U47="", "",Score!U47 ) -> 4 | AG47: 3 | AK47: 406 | AO47: 71 | AS47: 91 | AW47: =IF(AA47="","",SUMIF(SK!R$88:R$163,ROW(),SK!T$88:T$163)) -> 8
A48: =IF(Score!A48="", "",Score!A48 ) -> 3 | C48: =IF(Score!B48="", "",Score!B48 ) -> 1190 | G48: 33 | K48: 7 | O48: 113 | S48: 504 | W48: =IF(A48="","",SUMIF(SK!B$88:B$163,ROW(),SK!D$88:D$163)) -> 0 | Y48: =Y6 -> 114 | Z48: =Z6 -> Cat Claus | AA48: =IF(Score!T48="", "",Score!T48 ) -> 3 | AC48: =IF(Score!U48="", "",Score!U48 ) -> 76 | AG48: 716 | AK48: 008 | AO48: 303 | AS48: 99 | AW48: =IF(AA48="","",SUMIF(SK!R$88:R$163,ROW(),SK!T$88:T$163)) -> 3 | AY48: =AY6 -> 1 | AZ48: =AZ6 -> Pink FlameNgo
A49: =IF(Score!A49="", "",Score!A49 ) -> 4 | C49: =IF(Score!B49="", "",Score!B49 ) -> 98 | G49: 22 | K49: 720 | O49: 86 | S49: 802 | T49: + | W49: =IF(A49="","",SUMIF(SK!B$88:B$163,ROW(),SK!D$88:D$163)) -> 15 | AA49: =IF(Score!T49="", "",Score!T49 ) -> 4 | AC49: =IF(Score!U49="", "",Score!U49 ) -> 11 | AD49: + | AG49: 3 | AH49: + | AK49: 008 | AL49: + | AO49: 71 | AS49: 99 | AT49: $ | AW49: =IF(AA49="","",SUMIF(SK!R$88:R$163,ROW(),SK!T$88:T$163)) -> 8
A50: =IF(Score!A50="", "",Score!A50 ) -> 5 | C50: =IF(Score!B50="", "",Score!B50 ) -> 333 | D50: + | G50: 33 | H50: - | K50: 504 | O50: 7 | S50: 114 | W50: =IF(A50="","",SUMIF(SK!B$88:B$163,ROW(),SK!D$88:D$163)) -> 0 | Y50: =Y8 -> 1190 | Z50: =Z8 -> Rickashanaynay | AA50: =IF(Score!T50="", "",Score!T50 ) -> 5 | AC50: =IF(Score!U50="", "",Score!U50 ) -> 1 | AG50: 3 | AK50: 71 | AO50: 91 | AS50: 96 | AW50: =IF(AA50="","",SUMIF(SK!R$88:R$163,ROW(),SK!T$88:T$163)) -> 16 | AY50: =AY8 -> 11 | AZ50: =AZ8 -> Oy Vey Maria
A51: =IF(Score!A51="", "",Score!A51 ) -> 6 | C51: =IF(Score!B51="", "",Score!B51 ) -> 737 | G51: 33 | H51: $ | K51: 22 | O51: 213 | S51: 802 | W51: =IF(A51="","",SUMIF(SK!B$88:B$163,ROW(),SK!D$88:D$163)) -> 0 | AA51: =IF(Score!T51="", "",Score!T51 ) -> 6 | AC51: =IF(Score!U51="", "",Score!U51 ) -> 4 | AG51: 716 | AK51: 008 | AO51: 303 | AS51: 99 | AW51: =IF(AA51="","",SUMIF(SK!R$88:R$163,ROW(),SK!T$88:T$163)) -> 4
A52: =IF(Score!A52="", "",Score!A52 ) -> 7 | C52: =IF(Score!B52="", "",Score!B52 ) -> 1190 | G52: 113 | K52: 86 | L52: - | O52: 7 | S52: 114 | W52: =IF(A52="","",SUMIF(SK!B$88:B$163,ROW(),SK!D$88:D$163)) -> 0 | Y52: =Y10 -> 213 | Z52: =Z10 -> Primeval | AA52: =IF(Score!T52="", "",Score!T52 ) -> 7 | AC52: =IF(Score!U52="", "",Score!U52 ) -> 76 | AG52: 3 | AK52: 406 | AO52: 71 | AS52: 91 | AW52: =IF(AA52="","",SUMIF(SK!R$88:R$163,ROW(),SK!T$88:T$163)) -> 0 | AY52: =AY10 -> 3 | AZ52: =AZ10 -> Zoom Bayou
A53: =IF(Score!A53="", "",Score!A53 ) -> 8 | C53: =IF(Score!B53="", "",Score!B53 ) -> 333 | D53: + | E53: - | G53: 22 | K53: 86 | L53: $ | O53: 720 | S53: 213 | W53: =IF(A53="","",SUMIF(SK!B$88:B$163,ROW(),SK!D$88:D$163)) -> 4 | AA53: =IF(Score!T53="", "",Score!T53 ) -> 8 | AC53: =IF(Score!U53="", "",Score!U53 ) -> 11 | AD53: + | AG53: 716 | AK53: 303 | AO53: 555 | AS53: 99 | AW53: =IF(AA53="","",SUMIF(SK!R$88:R$163,ROW(),SK!T$88:T$163)) -> 12
A54: =IF(Score!A54="", "",Score!A54 ) -> 9 | C54: =IF(Score!B54="", "",Score!B54 ) -> 333 | D54: $ | G54: 113 | K54: 504 | O54: 7 | S54: 114 | T54: - | W54: =IF(A54="","",SUMIF(SK!B$88:B$163,ROW(),SK!D$88:D$163)) -> 0 | Y54: =Y12 -> 22 | Z54: =Z12 -> Penelope Bruise | AA54: =IF(Score!T54="", "",Score!T54 ) -> 9 | AC54: =IF(Score!U54="", "",Score!U54 ) -> 1 | AG54: 3 | AK54: 71 | AO54: 91 | AS54: 96 | AW54: =IF(AA54="","",SUMIF(SK!R$88:R$163,ROW(),SK!T$88:T$163)) -> 8 | AY54: =AY12 -> 303 | AZ54: =AZ12 -> Reck 'em Ralph
A55: =IF(Score!A55="", "",Score!A55 ) -> 10 | C55: =IF(Score!B55="", "",Score!B55 ) -> 98 | G55: 22 | K55: 69 | O55: 802 | S55: 114 | T55: $ | W55: =IF(A55="","",SUMIF(SK!B$88:B$163,ROW(),SK!D$88:D$163)) -> 1 | AA55: =IF(Score!T55="", "",Score!T55 ) -> 10 | AC55: =IF(Score!U55="", "",Score!U55 ) -> 4 | AG55: 716 | AK55: 008 | AL55: - | AO55: 555 | AP55: - | AS55: 91 | AW55: =IF(AA55="","",SUMIF(SK!R$88:R$163,ROW(),SK!T$88:T$163)) -> 4
A56: =IF(Score!A56="", "",Score!A56 ) -> 11 | C56: =IF(Score!B56="", "",Score!B56 ) -> 737 | G56: 113 | K56: 7 | O56: 504 | S56: 33 | W56: =IF(A56="","",SUMIF(SK!B$88:B$163,ROW(),SK!D$88:D$163)) -> 15 | Y56: =Y14 -> 33 | Z56: =Z14 -> Ivy Profen | AA56: =IF(Score!T56="", "",Score!T56 ) -> 11 | AC56: =IF(Score!U56="", "",Score!U56 ) -> 76 | AD56: - | AG56: 3 | AH56: - | AK56: 008 | AL56: $ | AO56: 555 | AP56: $ | AS56: 71 | AW56: =IF(AA56="","",SUMIF(SK!R$88:R$163,ROW(),SK!T$88:T$163)) -> 2 | AY56: =AY14 -> 4 | AZ56: =AZ14 -> Sweet Cyanide
A57: =IF(Score!A57="", "",Score!A57 ) -> 12 | C57: =IF(Score!B57="", "",Score!B57 ) -> 1190 | G57: 22 | K57: 802 | O57: 213 | S57: 69 | W57: =IF(A57="","",SUMIF(SK!B$88:B$163,ROW(),SK!D$88:D$163)) -> 4 | AA57: =IF(Score!T57="", "",Score!T57 ) -> 12 | AC57: =IF(Score!U57="", "",Score!U57 ) -> 76 | AD57: $ | AG57: 3 | AH57: $ | AK57: 303 | AL57: - | AO57: 71 | AS57: 716 | AW57: =IF(AA57="","",SUMIF(SK!R$88:R$163,ROW(),SK!T$88:T$163)) -> 0
A58: =IF(Score!A58="", "",Score!A58 ) -> 13 | C58: =IF(Score!B58="", "",Score!B58 ) -> 98 | G58: 113 | K58: 7 | L58: - | O58: 33 | S58: 504 | W58: =IF(A58="","",SUMIF(SK!B$88:B$163,ROW(),SK!D$88:D$163)) -> 14 | Y58: =Y16 -> 333 | Z58: =Z16 -> Honey Badger | AA58: =IF(Score!T58="", "",Score!T58 ) -> 13 | AB58: X | AC58: =IF(Score!U58="", "",Score!U58 ) -> 1 | AG58: 555 | AK58: 303 | AL58: $ | AO58: 91 | AP58: + | AS58: 96 | AW58: =IF(AA58="","",SUMIF(SK!R$88:R$163,ROW(),SK!T$88:T$163)) -> 16 | AY58: =AY16 -> 406 | AZ58: =AZ16 -> Ruth Slayed-Her Ginsburg
A59: =IF(Score!A59="", "",Score!A59 ) -> 14 | C59: =IF(Score!B59="", "",Score!B59 ) -> 737 | G59: 213 | K59: 7 | L59: $ | O59: 69 | S59: 720 | W59: =IF(A59="","",SUMIF(SK!B$88:B$163,ROW(),SK!D$88:D$163)) -> 7 | AA59: =IF(Score!T59="", "",Score!T59 ) -> 14 | AC59: =IF(Score!U59="", "",Score!U59 ) -> 1 | AD59: $ | AG59: 3 | AK59: 406 | AO59: 71 | AS59: 99 | AW59: =IF(AA59="","",SUMIF(SK!R$88:R$163,ROW(),SK!T$88:T$163)) -> 0
A60: =IF(Score!A60="", "",Score!A60 ) -> SP* | C60: =IF(Score!B60="", "",Score!B60 ) | W60: =IF(A60="","",SUMIF(SK!B$88:B$163,ROW(),SK!D$88:D$163)) -> 0 | Y60: =Y18 -> 393 | Z60: =Z18 -> Miss EDventure | AA60: =IF(Score!T60="", "",Score!T60 ) -> SP | AB60: X | AC60: =IF(Score!U60="", "",Score!U60 ) -> 3 | AG60: 1 | AK60: 406 | AO60: 71 | AS60: 99 | AW60: =IF(AA60="","",SUMIF(SK!R$88:R$163,ROW(),SK!T$88:T$163)) -> 3 | AY60: =AY18 -> 555 | AZ60: =AZ18 -> Mortal Wombat
A61: =IF(Score!A61="", "",Score!A61 ) -> 15 | C61: =IF(Score!B61="", "",Score!B61 ) -> 86 | G61: 113 | K61: 33 | O61: 504 | S61: 114 | W61: =IF(A61="","",SUMIF(SK!B$88:B$163,ROW(),SK!D$88:D$163)) -> 0 | AA61: =IF(Score!T61="", "",Score!T61 ) -> 15 | AC61: =IF(Score!U61="", "",Score!U61 ) -> 76 | AG61: 716 | AK61: 008 | AO61: 303 | AS61: 91 | AW61: =IF(AA61="","",SUMIF(SK!R$88:R$163,ROW(),SK!T$88:T$163)) -> 8
A62: =IF(Score!A62="", "",Score!A62 ) -> SP | B62: X | C62: =IF(Score!B62="", "",Score!B62 ) -> 113 | G62: 86 | K62: 33 | O62: 504 | S62: 114 | W62: =IF(A62="","",SUMIF(SK!B$88:B$163,ROW(),SK!D$88:D$163)) -> 0 | Y62: =Y20 -> 504 | Z62: =Z20 -> Fleur de Beast | AA62: =IF(Score!T62="", "",Score!T62 ) -> SP* | AC62: =IF(Score!U62="", "",Score!U62 ) | AW62: =IF(AA62="","",SUMIF(SK!R$88:R$163,ROW(),SK!T$88:T$163)) -> 0 | AY62: =AY20 -> 71 | AZ62: =AZ20 -> TchaiKILLsky
A63: =IF(Score!A63="", "",Score!A63 ) -> 16 | C63: =IF(Score!B63="", "",Score!B63 ) -> 113 | D63: $ | G63: 22 | K63: 69 | L63: - | O63: 213 | S63: 802 | W63: =IF(A63="","",SUMIF(SK!B$88:B$163,ROW(),SK!D$88:D$163)) -> 0 | AA63: =IF(Score!T63="", "",Score!T63 ) -> 16 | AC63: =IF(Score!U63="", "",Score!U63 ) -> 4 | AG63: 716 | AK63: 303 | AO63: 91 | AS63: 96 | AW63: =IF(AA63="","",SUMIF(SK!R$88:R$163,ROW(),SK!T$88:T$163)) -> 7
A64: =IF(Score!A64="", "",Score!A64 ) -> 17 | C64: =IF(Score!B64="", "",Score!B64 ) -> 1190 | G64: 33 | K64: 69 | L64: $ | O64: 114 | S64: 7 | W64: =IF(A64="","",SUMIF(SK!B$88:B$163,ROW(),SK!D$88:D$163)) -> 0 | Y64: =Y22 -> 69 | Z64: =Z22 -> Jungla | AA64: =IF(Score!T64="", "",Score!T64 ) -> 17 | AC64: =IF(Score!U64="", "",Score!U64 ) -> 11 | AG64: 3 | AK64: 008 | AO64: 71 | AS64: 99 | AW64: =IF(AA64="","",SUMIF(SK!R$88:R$163,ROW(),SK!T$88:T$163)) -> 15 | AY64: =AY22 -> 716 | AZ64: =AZ22 -> Slim S’Kaity
A65: =IF(Score!A65="", "",Score!A65 ) -> SP | B65: X | C65: =IF(Score!B65="", "",Score!B65 ) -> 33 | G65: 1190 | K65: 69 | O65: 114 | S65: 7 | W65: =IF(A65="","",SUMIF(SK!B$88:B$163,ROW(),SK!D$88:D$163)) -> 0 | AA65: =IF(Score!T65="", "",Score!T65 ) -> SP* | AC65: =IF(Score!U65="", "",Score!U65 ) | AW65: =IF(AA65="","",SUMIF(SK!R$88:R$163,ROW(),SK!T$88:T$163)) -> 0
A66: =IF(Score!A66="", "",Score!A66 ) -> 18 | C66: =IF(Score!B66="", "",Score!B66 ) -> 98 | G66: 22 | K66: 213 | O66: 720 | S66: 802 | W66: =IF(A66="","",SUMIF(SK!B$88:B$163,ROW(),SK!D$88:D$163)) -> 0 | Y66: =Y24 -> 7 | Z66: =Z24 -> Freddie Mercury Poisoning | AA66: =IF(Score!T66="", "",Score!T66 ) -> 18 | AC66: =IF(Score!U66="", "",Score!U66 ) -> 1 | AG66: 716 | AH66: - | AK66: 303 | AO66: 555 | AS66: 96 | AW66: =IF(AA66="","",SUMIF(SK!R$88:R$163,ROW(),SK!T$88:T$163)) -> 4 | AY66: =AY24 -> 76 | AZ66: =AZ24 -> Fiona Grapple
A67: =IF(Score!A67="", "",Score!A67 ) -> 19 | C67: =IF(Score!B67="", "",Score!B67 ) -> 737 | G67: 33 | H67: - | K67: 7 | O67: 113 | S67: 504 | T67: + | W67: =IF(A67="","",SUMIF(SK!B$88:B$163,ROW(),SK!D$88:D$163)) -> 0 | AA67: =IF(Score!T67="", "",Score!T67 ) -> 19 | AC67: =IF(Score!U67="", "",Score!U67 ) -> 76 | AG67: 716 | AH67: $ | AK67: 71 | AO67: 91 | AS67: 99 | AT67: - | AW67: =IF(AA67="","",SUMIF(SK!R$88:R$163,ROW(),SK!T$88:T$163)) -> 12
A68: =IF(Score!A68="", "",Score!A68 ) -> 20 | C68: =IF(Score!B68="", "",Score!B68 ) -> 333 | D68: - | G68: 33 | H68: $ | K68: 213 | O68: 114 | P68: + | S68: 69 | W68: =IF(A68="","",SUMIF(SK!B$88:B$163,ROW(),SK!D$88:D$163)) -> 4 | Y68: =Y26 -> 720 | Z68: =Z26 -> Bob Gnarly | AA68: =IF(Score!T68="", "",Score!T68 ) -> 20 | AC68: =IF(Score!U68="", "",Score!U68 ) -> 1 | AG68: 303 | AK68: 555 | AO68: 96 | AS68: 99 | AT68: $ | AW68: =IF(AA68="","",SUMIF(SK!R$88:R$163,ROW(),SK!T$88:T$163)) -> 12 | AY68: =AY26 -> 91 | AZ68: =AZ26 -> Poh Teigh Toh
A69: =IF(Score!A69="", "",Score!A69 ) | C69: =IF(Score!B69="", "",Score!B69 ) | W69: =IF(A69="","",SUMIF(SK!B$88:B$163,ROW(),SK!D$88:D$163)) | AA69: =IF(Score!T69="", "",Score!T69 ) | AC69: =IF(Score!U69="", "",Score!U69 ) | AW69: =IF(AA69="","",SUMIF(SK!R$88:R$163,ROW(),SK!T$88:T$163))
A70: =IF(Score!A70="", "",Score!A70 ) | C70: =IF(Score!B70="", "",Score!B70 ) | W70: =IF(A70="","",SUMIF(SK!B$88:B$163,ROW(),SK!D$88:D$163)) | Y70: =Y28 -> 737 | Z70: =Z28 -> Lady J | AA70: =IF(Score!T70="", "",Score!T70 ) | AC70: =IF(Score!U70="", "",Score!U70 ) | AW70: =IF(AA70="","",SUMIF(SK!R$88:R$163,ROW(),SK!T$88:T$163)) | AY70: =AY28 -> 96 | AZ70: =AZ28 -> Audubondage
A71: =IF(Score!A71="", "",Score!A71 ) | C71: =IF(Score!B71="", "",Score!B71 ) | W71: =IF(A71="","",SUMIF(SK!B$88:B$163,ROW(),SK!D$88:D$163)) | AA71: =IF(Score!T71="", "",Score!T71 ) | AC71: =IF(Score!U71="", "",Score!U71 ) | AW71: =IF(AA71="","",SUMIF(SK!R$88:R$163,ROW(),SK!T$88:T$163))
A72: =IF(Score!A72="", "",Score!A72 ) | C72: =IF(Score!B72="", "",Score!B72 ) | W72: =IF(A72="","",SUMIF(SK!B$88:B$163,ROW(),SK!D$88:D$163)) | Y72: =Y30 -> 802 | Z72: =Z30 -> Rutabaga Ginsberg (Baga) | AA72: =IF(Score!T72="", "",Score!T72 ) | AC72: =IF(Score!U72="", "",Score!U72 ) | AW72: =IF(AA72="","",SUMIF(SK!R$88:R$163,ROW(),SK!T$88:T$163)) | AY72: =AY30 -> 9707 | AZ72: =AZ30 -> BATass
A73: =IF(Score!A73="", "",Score!A73 ) | C73: =IF(Score!B73="", "",Score!B73 ) | W73: =IF(A73="","",SUMIF(SK!B$88:B$163,ROW(),SK!D$88:D$163)) | AA73: =IF(Score!T73="", "",Score!T73 ) | AC73: =IF(Score!U73="", "",Score!U73 ) | AW73: =IF(AA73="","",SUMIF(SK!R$88:R$163,ROW(),SK!T$88:T$163))
A74: =IF(Score!A74="", "",Score!A74 ) | C74: =IF(Score!B74="", "",Score!B74 ) | W74: =IF(A74="","",SUMIF(SK!B$88:B$163,ROW(),SK!D$88:D$163)) | Y74: =Y32 -> 86 | Z74: =Z32 -> Glidezilla | AA74: =IF(Score!T74="", "",Score!T74 ) | AC74: =IF(Score!U74="", "",Score!U74 ) | AW74: =IF(AA74="","",SUMIF(SK!R$88:R$163,ROW(),SK!T$88:T$163)) | AY74: =AY32 -> 99 | AZ74: =AZ32 -> May Q. Pay
A75: =IF(Score!A75="", "",Score!A75 ) | C75: =IF(Score!B75="", "",Score!B75 ) | W75: =IF(A75="","",SUMIF(SK!B$88:B$163,ROW(),SK!D$88:D$163)) | AA75: =IF(Score!T75="", "",Score!T75 ) | AC75: =IF(Score!U75="", "",Score!U75 ) | AW75: =IF(AA75="","",SUMIF(SK!R$88:R$163,ROW(),SK!T$88:T$163))
A76: =IF(Score!A76="", "",Score!A76 ) | C76: =IF(Score!B76="", "",Score!B76 ) | W76: =IF(A76="","",SUMIF(SK!B$88:B$163,ROW(),SK!D$88:D$163)) | Y76: =Y34 -> 98 | Z76: =Z34 -> Badelynn | AA76: =IF(Score!T76="", "",Score!T76 ) | AC76: =IF(Score!U76="", "",Score!U76 ) | AW76: =IF(AA76="","",SUMIF(SK!R$88:R$163,ROW(),SK!T$88:T$163)) | AY76: =AY34 | AZ76: =AZ34
A77: =IF(Score!A77="", "",Score!A77 ) | C77: =IF(Score!B77="", "",Score!B77 ) | W77: =IF(A77="","",SUMIF(SK!B$88:B$163,ROW(),SK!D$88:D$163)) | AA77: =IF(Score!T77="", "",Score!T77 ) | AC77: =IF(Score!U77="", "",Score!U77 ) | AW77: =IF(AA77="","",SUMIF(SK!R$88:R$163,ROW(),SK!T$88:T$163))
A78: =IF(Score!A78="", "",Score!A78 ) | C78: =IF(Score!B78="", "",Score!B78 ) | W78: =IF(A78="","",SUMIF(SK!B$88:B$163,ROW(),SK!D$88:D$163)) | Y78: =Y36 | Z78: =Z36 | AA78: =IF(Score!T78="", "",Score!T78 ) | AC78: =IF(Score!U78="", "",Score!U78 ) | AW78: =IF(AA78="","",SUMIF(SK!R$88:R$163,ROW(),SK!T$88:T$163)) | AY78: =AY36 | AZ78: =AZ36
A79: =IF(Score!A79="", "",Score!A79 ) | C79: =IF(Score!B79="", "",Score!B79 ) | W79: =IF(A79="","",SUMIF(SK!B$88:B$163,ROW(),SK!D$88:D$163)) | AA79: =IF(Score!T79="", "",Score!T79 ) | AC79: =IF(Score!U79="", "",Score!U79 ) | AW79: =IF(AA79="","",SUMIF(SK!R$88:R$163,ROW(),SK!T$88:T$163))
A80: =IF(Score!A80="", "",Score!A80 ) | C80: =IF(Score!B80="", "",Score!B80 ) | W80: =IF(A80="","",SUMIF(SK!B$88:B$163,ROW(),SK!D$88:D$163)) | Y80: =Y38 | Z80: =Z38 | AA80: =IF(Score!T80="", "",Score!T80 ) | AC80: =IF(Score!U80="", "",Score!U80 ) | AW80: =IF(AA80="","",SUMIF(SK!R$88:R$163,ROW(),SK!T$88:T$163)) | AY80: =AY38 | AZ80: =AZ38
A81: =IF(Score!A81="", "",Score!A81 ) | C81: =IF(Score!B81="", "",Score!B81 ) | W81: =IF(A81="","",SUMIF(SK!B$88:B$163,ROW(),SK!D$88:D$163)) | AA81: =IF(Score!T81="", "",Score!T81 ) | AC81: =IF(Score!U81="", "",Score!U81 ) | AW81: =IF(AA81="","",SUMIF(SK!R$88:R$163,ROW(),SK!T$88:T$163))
